category,ci95_high,ci95_low,family,intervention_id,mean,mean_delta_IGD,median,n,problem,state,std,task_id,tolerance
mutation,0.021545329229733498,-0.012318961105706237,ZDT,mutation_prob_01,0.003970909305395305,-0.014952661426342186,-0.005655803717846363,10,ZDT1,neutral,0.02928077415671597,ZDT1_n10_m2,0.01
mutation,0.027982056835377238,-0.0011876025860055144,ZDT,mutation_prob_03,0.01239528987186419,-0.022220201387301762,0.0032062013075461566,10,ZDT1,neutral,0.02426876474737085,ZDT1_n10_m2,0.01
mutation,0.03445702351642982,0.002993062035957325,ZDT,mutation_prob_04,0.017811920786941306,-0.03159462999200023,0.003511960234337846,10,ZDT1,neutral,0.027414889514603125,ZDT1_n10_m2,0.01
mutation,0.026322324370434146,-0.006684088333307624,ZDT,mutation_prob_05,0.00909631845676006,-0.025194494985127845,-0.003947460665706282,10,ZDT1,neutral,0.02820082840459296,ZDT1_n10_m2,0.01
mutation,0.041420201459466836,0.007730379603578924,ZDT,mutation_eta_01,0.023815776711768714,-0.03614036534123309,0.010420912923912784,10,ZDT1,neutral,0.028761331171324168,ZDT1_n10_m2,0.01
mutation,0.040761858760286575,0.00790008301380205,ZDT,mutation_eta_02,0.023371495074239447,-0.035519538550543336,0.007949829512424246,10,ZDT1,neutral,0.028888983938625917,ZDT1_n10_m2,0.01
mutation,0.03452463968385688,0.004100842226262891,ZDT,mutation_eta_03,0.018577025688500514,-0.03175476537409437,0.004810301666471733,10,ZDT1,neutral,0.026114200629596917,ZDT1_n10_m2,0.01
mutation,0.023374305388312682,-0.015996994632368266,ZDT,mutation_eta_04,0.003304583082009485,-0.015731129146389765,-0.006742058261877584,10,ZDT1,neutral,0.034157987071541156,ZDT1_n10_m2,0.01
mutation,-0.022946990123683723,-0.09929190656901724,ZDT,mutation_eta_05,-0.05824342418637472,0.06933899819159915,-0.042430299914366434,10,ZDT1,negative,0.0658470680625637,ZDT1_n10_m2,0.01
crossover,-0.016445358717030147,-0.03759280336184534,ZDT,crossover_prob_01,-0.02661096478722491,0.021788449653847748,-0.022521544684999444,10,ZDT1,negative,0.018220591244810284,ZDT1_n10_m2,0.01
crossover,0.016040153147856902,-0.01988337814606746,ZDT,crossover_prob_02,-0.0023358996523448186,0.0029207102518749284,-0.001475563447992259,10,ZDT1,neutral,0.02866700989597651,ZDT1_n10_m2,0.01
crossover,0.01836482679512005,0.003074213161118911,ZDT,crossover_prob_03,0.009232517214023362,-0.014737577467498528,0.0068706661652956115,10,ZDT1,neutral,0.01303022120842318,ZDT1_n10_m2,0.01
crossover,0.039420868167099214,0.00723736684809647,ZDT,crossover_eta_01,0.02265309601660808,-0.03526993950469165,0.009144117670418818,10,ZDT1,neutral,0.027799872271413496,ZDT1_n10_m2,0.01
crossover,0.028202353042780008,-0.02905047912681376,ZDT,crossover_eta_02,0.0018626275825790947,-0.0005214734545865242,0.003761463125050122,10,ZDT1,neutral,0.049039418017420726,ZDT1_n10_m2,0.01
crossover,0.02246397732302026,-0.014955202463580987,ZDT,crossover_eta_03,0.0031450216419749684,-0.005045401747854488,-0.005266293707767983,10,ZDT1,neutral,0.03320627856331543,ZDT1_n10_m2,0.01
crossover,0.014381426167009085,-0.015179057634325095,ZDT,crossover_eta_04,-0.00176246797732246,0.004767166817792376,-0.00021300752260949613,10,ZDT1,neutral,0.024750738863243485,ZDT1_n10_m2,0.01
selection,0.020757485401971497,-0.012347226713216865,ZDT,selection_tournament_01,0.0026328908074554824,-0.0022934863826995474,0.0008064707487571287,10,ZDT1,neutral,0.028980376305280258,ZDT1_n10_m2,0.01
selection,0.03536586867669143,-0.006659675330897269,ZDT,selection_tournament_02,0.015164966920528138,-0.02146581595471886,0.00995829008758246,10,ZDT1,neutral,0.03531173276030225,ZDT1_n10_m2,0.01
selection,0.036884905900292086,0.004848470210514421,ZDT,selection_tournament_03,0.01987721931011723,-0.031712190044960835,0.007989816949121875,10,ZDT1,neutral,0.02784569214892197,ZDT1_n10_m2,0.01
mutation,0.04358218075247377,0.007302603428131403,ZDT,mutation_prob_02,0.02597440960298899,-0.025839135875138287,0.02709105143703422,10,ZDT1,neutral,0.031277014919525004,ZDT1_n20_m2,0.01
mutation,0.047978748914372496,0.023257308020013398,ZDT,mutation_prob_03,0.035093016420355755,-0.04134794146068408,0.027236048191895366,10,ZDT1,positive,0.02119210931130989,ZDT1_n20_m2,0.01
mutation,0.03552102320367284,0.008808230138663558,ZDT,mutation_prob_04,0.022699054112101515,-0.029371680027387003,0.019696960339364356,10,ZDT1,neutral,0.02294620986665359,ZDT1_n20_m2,0.01
mutation,0.006085559094782673,-0.02640544153890441,ZDT,mutation_prob_05,-0.010246470604717095,-0.0026973771697443583,-0.011275822614300077,10,ZDT1,neutral,0.027799812411143196,ZDT1_n20_m2,0.01
mutation,0.04063616513708713,0.01601949078569504,ZDT,mutation_eta_01,0.027482175595664453,-0.03617795786581736,0.018388675894481694,10,ZDT1,positive,0.021103234782573314,ZDT1_n20_m2,0.01
mutation,0.04590346939180369,0.015862102480836606,ZDT,mutation_eta_02,0.030655834057546606,-0.03863054413760443,0.03450737571251464,10,ZDT1,positive,0.025593297781336302,ZDT1_n20_m2,0.01
mutation,0.038810984293754,0.009997182460855191,ZDT,mutation_eta_03,0.022770867857527126,-0.02767010570505286,0.013189821151508678,10,ZDT1,neutral,0.025049410653427986,ZDT1_n20_m2,0.01
mutation,-0.01692989419654975,-0.08775185258821715,ZDT,mutation_eta_04,-0.05106194434798983,0.055460622544018366,-0.03315536274170668,10,ZDT1,negative,0.06232822624340848,ZDT1_n20_m2,0.01
mutation,-0.013202107021924345,-0.07231047100476756,ZDT,mutation_eta_05,-0.04229442013533742,0.021847470747306235,-0.03773316439414782,10,ZDT1,negative,0.052372761810802526,ZDT1_n20_m2,0.01
crossover,-0.070302282044372,-0.12398442653080996,ZDT,crossover_prob_01,-0.0953647552375467,0.1112398894407195,-0.08989754235775152,10,ZDT1,negative,0.04541765629598064,ZDT1_n20_m2,0.01
crossover,0.0104059026453579,-0.044426634501766454,ZDT,crossover_prob_02,-0.015155996873344953,0.010305429474421932,-0.010423795311750927,10,ZDT1,neutral,0.045843026511196205,ZDT1_n20_m2,0.01
crossover,0.018326784992258392,-0.04181048025625682,ZDT,crossover_prob_03,-0.009619564672511993,0.017405168278855472,0.0008593813478502455,10,ZDT1,neutral,0.05110490784622289,ZDT1_n20_m2,0.01
crossover,0.027938459498057965,0.010530861659897927,ZDT,crossover_eta_01,0.019569010467285798,-0.021147585883263747,0.018591309421858458,10,ZDT1,positive,0.01495417199523279,ZDT1_n20_m2,0.01
crossover,0.037707667991641845,0.007943171067903388,ZDT,crossover_eta_02,0.022688389365005723,-0.028514645184468168,0.018332204237814093,10,ZDT1,neutral,0.025932880058163448,ZDT1_n20_m2,0.01
crossover,0.028253859707365117,-0.009818855821632408,ZDT,crossover_eta_03,0.008486681705588462,-0.013132851974971627,-0.003906182272209432,10,ZDT1,neutral,0.03224060319650493,ZDT1_n20_m2,0.01
crossover,0.01639812993502372,-0.022332612511640884,ZDT,crossover_eta_04,-0.0029701996180351584,-0.003859408923763623,-0.013317765863152892,10,ZDT1,neutral,0.0332141884193726,ZDT1_n20_m2,0.01
selection,0.02664392689023089,-0.0023776730491407738,ZDT,selection_tournament_01,0.011116442404691885,-0.015215672101638692,0.003975194334677461,10,ZDT1,neutral,0.026015028996799715,ZDT1_n20_m2,0.01
selection,0.01826986083408751,-0.024894132159313638,ZDT,selection_tournament_02,-0.0014888376448438875,-0.0005159141928406587,0.010012987589006362,10,ZDT1,neutral,0.037535656715440326,ZDT1_n20_m2,0.01
selection,0.03002567863614768,-0.00517740729743447,ZDT,selection_tournament_03,0.013631935810644025,-0.014743061501795177,0.018265527566206512,10,ZDT1,neutral,0.030922087830726697,ZDT1_n20_m2,0.01
mutation,0.03014297448326558,-0.13181468673330965,ZDT,mutation_prob_01,-0.05895459550006793,0.13657071566037168,-0.09021927361161297,10,ZDT2,neutral,0.13731217745626692,ZDT2_n10_m2,0.01
mutation,0.12459343401184979,-0.08552316764648019,ZDT,mutation_prob_03,0.01583590184950818,-0.025927723559772065,0.01000796205814507,10,ZDT2,neutral,0.18527551153574684,ZDT2_n10_m2,0.01
mutation,0.07735350822118041,-0.10924470035542884,ZDT,mutation_prob_04,-0.019450669410540793,0.03206888935551973,-0.055265137618859574,10,ZDT2,neutral,0.16297293469082708,ZDT2_n10_m2,0.01
mutation,0.005751293870509145,-0.13646977925213713,ZDT,mutation_prob_05,-0.06261724995087906,0.1094927902793433,-0.07169999010624782,10,ZDT2,neutral,0.11940351764398074,ZDT2_n10_m2,0.01
mutation,0.25234922108395186,0.14086818401287526,ZDT,mutation_eta_01,0.19809327318289877,-0.24333243522283268,0.22333743166087572,10,ZDT2,positive,0.09969517991637154,ZDT2_n10_m2,0.01
mutation,0.2465247641919373,0.1306938312636408,ZDT,mutation_eta_02,0.19039201134147615,-0.23851562254359596,0.2198090173394478,10,ZDT2,positive,0.10327622522851743,ZDT2_n10_m2,0.01
mutation,0.16171753644509362,0.06117099402789205,ZDT,mutation_eta_03,0.11362122105303504,-0.1546953193977731,0.10682786237070482,10,ZDT2,positive,0.08637116001772714,ZDT2_n10_m2,0.01
mutation,-0.0027028872947845116,-0.19125723123401542,ZDT,mutation_eta_04,-0.10520331649949363,0.2741375354059258,-0.12014580904547244,10,ZDT2,neutral,0.1612617909710097,ZDT2_n10_m2,0.01
mutation,-0.0744836340859264,-0.1983337656932287,ZDT,mutation_eta_05,-0.13446260261961757,0.3063433871039561,-0.1142116343104209,10,ZDT2,negative,0.1042972508044117,ZDT2_n10_m2,0.01
crossover,0.07797367915104723,-0.14265007529208387,ZDT,crossover_prob_01,-0.037520222946724045,0.08714825289774208,-0.07100546791989266,10,ZDT2,neutral,0.19177332765535754,ZDT2_n10_m2,0.01
crossover,-0.0070499442801779996,-0.1713319226357322,ZDT,crossover_prob_02,-0.09050460347601497,0.20032402034884464,-0.07706770232384925,10,ZDT2,neutral,0.1454744284516294,ZDT2_n10_m2,0.01
crossover,0.09219321866528418,-0.03778575887214886,ZDT,crossover_prob_03,0.031241582249468724,-0.035611444290581454,0.04390978138321716,10,ZDT2,neutral,0.11173878458315462,ZDT2_n10_m2,0.01
crossover,0.01477505447017266,-0.12212286830642358,ZDT,crossover_eta_01,-0.05006271108438903,0.12353954399006846,-0.03958452518269361,10,ZDT2,neutral,0.11610806377928316,ZDT2_n10_m2,0.01
crossover,0.050218573204105894,-0.03260515613427846,ZDT,crossover_eta_02,0.0039318945680665175,0.012908377438262644,-0.0076874274309017025,10,ZDT2,neutral,0.07125780180823646,ZDT2_n10_m2,0.01
crossover,-0.023114027667349307,-0.14080010912618407,ZDT,crossover_eta_03,-0.07966928142665473,0.1327301224588632,-0.03565747758709692,10,ZDT2,negative,0.10421592313710089,ZDT2_n10_m2,0.01
crossover,-0.021873076666092218,-0.13866600838566454,ZDT,crossover_eta_04,-0.0755012212556638,0.12482510985636652,-0.04605506568394806,10,ZDT2,negative,0.09931257633897071,ZDT2_n10_m2,0.01
selection,0.019515052929642326,-0.07978186338521817,ZDT,selection_tournament_01,-0.032025141884231376,0.04836099692450511,-0.0009251975540272364,10,ZDT2,neutral,0.08532636934113329,ZDT2_n10_m2,0.01
selection,0.17863188642801095,-0.0038097896618931567,ZDT,selection_tournament_02,0.0912083879501506,-0.12167417429679388,0.09009097219017959,10,ZDT2,neutral,0.15501339792205965,ZDT2_n10_m2,0.01
selection,0.09510649564759281,-0.08756285811334828,ZDT,selection_tournament_03,0.00737245887655207,0.0035826167008124548,0.025201437302120492,10,ZDT2,neutral,0.15681917217369903,ZDT2_n10_m2,0.01
mutation,0.039343546811431825,0.002570178855697756,ZDT,mutation_prob_02,0.02097342547272,-0.009409123048002604,0.018985895636865556,10,ZDT3,neutral,0.032357511457158254,ZDT3_n20_m2,0.01
mutation,0.04173773170760429,0.01193806936542975,ZDT,mutation_prob_03,0.027010030121472788,-0.030353041181477795,0.026526667884153067,10,ZDT3,positive,0.025553326319682303,ZDT3_n20_m2,0.01
mutation,0.039819397246266174,0.010530787051254046,ZDT,mutation_prob_04,0.02488464738116257,-0.03409378007729905,0.02552709531917053,10,ZDT3,positive,0.02515974598510243,ZDT3_n20_m2,0.01
mutation,0.019000797564819174,-0.011843098690384956,ZDT,mutation_prob_05,0.0023781681039808976,0.002874377203921604,-0.0009954525517325051,10,ZDT3,neutral,0.026854072275025568,ZDT3_n20_m2,0.01
mutation,0.04629364909486203,0.010875982654137908,ZDT,mutation_eta_01,0.028905552054851364,-0.04660699820507842,0.03428163953290212,10,ZDT3,positive,0.029833170728103726,ZDT3_n20_m2,0.01
mutation,0.045348566290450226,0.01691894987823939,ZDT,mutation_eta_02,0.03145553970528718,-0.03942602623431926,0.03141245952540908,10,ZDT3,positive,0.024706283163680738,ZDT3_n20_m2,0.01
mutation,0.036795104004188305,-0.0037836985528620095,ZDT,mutation_eta_03,0.01876105926027422,-0.0172189734395592,0.018834501077338146,10,ZDT3,neutral,0.03477315124325099,ZDT3_n20_m2,0.01
mutation,-0.015910660319507726,-0.05464500391740667,ZDT,mutation_eta_04,-0.0343158204417001,0.026714939424969563,-0.032403710495648025,10,ZDT3,negative,0.03353835891779756,ZDT3_n20_m2,0.01
mutation,-0.02272308223169322,-0.0798146269995875,ZDT,mutation_eta_05,-0.05293400896847413,0.033158955398272336,-0.05386666450910625,10,ZDT3,negative,0.04933987385406758,ZDT3_n20_m2,0.01
crossover,-0.0393511024135067,-0.10120111525716742,ZDT,crossover_prob_01,-0.06911028368857794,0.13813717244262153,-0.045790064002978165,10,ZDT3,negative,0.054395335391439426,ZDT3_n20_m2,0.01
crossover,0.005010710005377971,-0.0333500770232528,ZDT,crossover_prob_02,-0.014116962405948435,0.041757699959243035,-0.016338245322055727,10,ZDT3,neutral,0.03334478807950494,ZDT3_n20_m2,0.01
crossover,0.02524561111231597,-0.02450431323906373,ZDT,crossover_prob_03,0.001032750789088992,0.0005663993979117945,0.005635386977877176,10,ZDT3,neutral,0.04429542460060982,ZDT3_n20_m2,0.01
crossover,0.04563585948614412,0.02156962381181223,ZDT,crossover_eta_01,0.03308417313258306,-0.044123495100095174,0.028154071437902585,10,ZDT3,positive,0.0205519783093276,ZDT3_n20_m2,0.01
crossover,0.02709943072479319,-0.010380127028563458,ZDT,crossover_eta_02,0.008500291966833811,-0.020418916310127808,0.010779071656534165,10,ZDT3,neutral,0.03213031705532333,ZDT3_n20_m2,0.01
crossover,0.02493151757032232,-0.01536658605500264,ZDT,crossover_eta_03,0.004969193568105651,-0.014542373748623267,0.01341180855095543,10,ZDT3,neutral,0.034100880486471884,ZDT3_n20_m2,0.01
crossover,0.01326400707623479,-0.024875187233589443,ZDT,crossover_eta_04,-0.0034701723011738143,0.008247263659562123,0.007384476389770004,10,ZDT3,neutral,0.032401844234579646,ZDT3_n20_m2,0.01
selection,0.025336238998685506,-0.015326653762419342,ZDT,selection_tournament_01,0.007488833999093554,0.005954869432563485,0.012768487218056953,10,ZDT3,neutral,0.03458651231815224,ZDT3_n20_m2,0.01
selection,0.029469330905189762,1.4493216831148206e-08,ZDT,selection_tournament_02,0.014687167281497451,-0.021156122159215012,0.01217693064712806,10,ZDT3,neutral,0.025122899241852938,ZDT3_n20_m2,0.01
selection,0.030425236830663907,0.00031495913794571336,ZDT,selection_tournament_03,0.014809351349499131,-0.013736320963267273,0.016281114812237023,10,ZDT3,neutral,0.026335844443267684,ZDT3_n20_m2,0.01
mutation,0.01770323753741077,-0.003443210714461465,DTLZ,mutation_prob_01,0.007942953701941405,-0.0035067584858150423,0.01097606155301237,10,DTLZ2,neutral,0.017972059330032323,DTLZ2_n7_m3,0.01
mutation,0.009597422494794741,-0.006899670651877676,DTLZ,mutation_prob_02,0.0019031637771467255,-0.006045267892698515,0.0003326219401474955,10,DTLZ2,neutral,0.013729551827911106,DTLZ2_n7_m3,0.01
mutation,-0.0012934852116857313,-0.02122246389314163,DTLZ,mutation_prob_03,-0.011403348670461,-0.0032066817252228304,-0.00904435607366662,10,DTLZ2,neutral,0.0169347270157354,DTLZ2_n7_m3,0.01
mutation,-0.011438554403123817,-0.026810735114014564,DTLZ,mutation_prob_04,-0.019338602555784054,0.005529054210582784,-0.01722356014106512,10,DTLZ2,negative,0.013706339688463728,DTLZ2_n7_m3,0.01
mutation,-0.031142459700330635,-0.05244792092170101,DTLZ,mutation_prob_05,-0.0424109013605034,0.012509967527018972,-0.04706084681958447,10,DTLZ2,negative,0.01881741687698152,DTLZ2_n7_m3,0.01
mutation,-0.009532700731349332,-0.02109201369674285,DTLZ,mutation_eta_01,-0.01485690205984339,0.0020872819120538013,-0.01347789838330593,10,DTLZ2,neutral,0.009797738793027585,DTLZ2_n7_m3,0.01
mutation,0.002230531701116614,-0.02350610521344473,DTLZ,mutation_eta_02,-0.009935279130932074,0.0007557188259696299,-0.010610501375119489,10,DTLZ2,neutral,0.021826826051160472,DTLZ2_n7_m3,0.01
mutation,0.0009761910300983273,-0.015644338007790706,DTLZ,mutation_eta_03,-0.0068820689597070455,-0.0013730147148476092,-0.0018456087519125581,10,DTLZ2,neutral,0.015037891418496258,DTLZ2_n7_m3,0.01
mutation,0.020994382879194196,0.0043912883905998295,DTLZ,mutation_eta_04,0.012521310114690954,-0.004065734664609727,0.010872117529292511,10,DTLZ2,neutral,0.013892727106688119,DTLZ2_n7_m3,0.01
mutation,0.0030635387318333172,-0.01900438275965587,DTLZ,mutation_eta_05,-0.007680197061691154,0.007575385576193782,-0.003898864879789111,10,DTLZ2,neutral,0.019847553382303804,DTLZ2_n7_m3,0.01
crossover,-0.005521720512013376,-0.026187305697088336,DTLZ,crossover_prob_01,-0.014974366580223214,0.004877704036032252,-0.00960150363127079,10,DTLZ2,neutral,0.0181592981587056,DTLZ2_n7_m3,0.01
crossover,0.00025766098805370596,-0.021236967345855957,DTLZ,crossover_prob_02,-0.010450313687141012,0.00033225871418347266,-0.00852548499289318,10,DTLZ2,neutral,0.018655306739660125,DTLZ2_n7_m3,0.01
crossover,0.014139301184016328,-0.009626664989162937,DTLZ,crossover_prob_03,0.002756675428134903,-0.0022551122085449583,0.00863668302244817,10,DTLZ2,neutral,0.020338280568677324,DTLZ2_n7_m3,0.01
crossover,0.004333239036584104,-0.012919808463550526,DTLZ,crossover_eta_01,-0.004428662657985832,-0.0028472786596002568,-0.00455486698492857,10,DTLZ2,neutral,0.014885687395425071,DTLZ2_n7_m3,0.01
crossover,0.005063815674872585,-0.012638958878756395,DTLZ,crossover_eta_02,-0.0033670048482656147,-0.0014968556202184361,0.0030365721086048135,10,DTLZ2,neutral,0.015333521347068179,DTLZ2_n7_m3,0.01
crossover,0.0037204052954563516,-0.012399858300350303,DTLZ,crossover_eta_03,-0.004579683035564674,0.0006794212095473942,-0.003165268474890451,10,DTLZ2,neutral,0.014121979761031848,DTLZ2_n7_m3,0.01
crossover,0.01992870660731084,0.00080990830039449,DTLZ,crossover_eta_04,0.011501642627763091,-0.006601986778045023,0.013041587113345266,10,DTLZ2,neutral,0.015602447229808594,DTLZ2_n7_m3,0.01
selection,-0.0003023956531809749,-0.013963660256250659,DTLZ,selection_tournament_01,-0.007083421147728908,-0.00025950772435677505,-0.008256171309826251,10,DTLZ2,neutral,0.012068840300941129,DTLZ2_n7_m3,0.01
selection,0.010690823116703288,-0.008220344500875951,DTLZ,selection_tournament_02,0.0012120697962384433,-0.0013148106015284503,-0.0024948590303787324,10,DTLZ2,neutral,0.016224745494944768,DTLZ2_n7_m3,0.01
selection,-0.0005607767112728873,-0.01925740040637006,DTLZ,selection_tournament_03,-0.010173059117856233,0.003409120422240758,-0.014797248922995117,10,DTLZ2,neutral,0.016836184877602557,DTLZ2_n7_m3,0.01
