task_id,candidate_budget,calibration_seeds,actual_runs,zero_HV_ratio,normalization_valid,mean_unit_HV,mean_IGD,saturated,invalid,selected
ZDT1_n10_m2,2000,5,5,0.0,True,0.6711948460706696,0.07032447795295972,False,False,True
ZDT1_n20_m2,2000,5,5,0.0,True,0.6145559326783872,0.13001799237950992,False,False,True
ZDT1_n30_m2,2000,5,5,0.0,True,0.6113197061728864,0.11300624399892904,False,False,True
ZDT2_n10_m2,2000,5,5,0.0,True,0.16066748071250997,0.3841811277997058,False,False,True
ZDT2_n20_m2,2000,5,5,0.0,True,0.09253926080190489,0.48112979609431966,False,False,True
ZDT2_n30_m2,2000,5,5,0.0,True,0.1343633840916399,0.4349556528634956,False,False,True
ZDT3_n10_m2,2000,5,5,0.0,True,0.5812846594737676,0.03826945425214938,False,False,True
ZDT3_n20_m2,2000,5,5,0.0,True,0.5345032167251705,0.11464176011333935,False,False,True
ZDT3_n30_m2,2000,5,5,0.0,True,0.5168151766981829,0.09206221759193327,False,False,True
ZDT4_n10_m2,2000,5,5,1.0,True,0.0,11.081541642388098,False,True,False
ZDT4_n10_m2,5000,5,5,0.8,True,0.020355516476685973,2.4850658609773766,False,True,False
ZDT4_n10_m2,10000,5,5,0.0,True,0.5207668532899318,0.2243169780418386,False,False,True
ZDT4_n20_m2,2000,5,5,1.0,True,0.0,40.441056620704806,False,True,False
ZDT4_n20_m2,5000,5,5,1.0,True,0.0,15.61705523955545,False,True,False
ZDT4_n20_m2,10000,5,5,1.0,True,0.0,4.604567570772609,False,True,False
ZDT4_n20_m2,20000,5,5,0.2,True,0.27531358424607194,0.4813427874231008,False,True,False
ZDT4_n30_m2,2000,5,5,1.0,True,0.0,103.56893955161168,False,True,False
ZDT4_n30_m2,5000,5,5,1.0,True,0.0,49.23428606354578,False,True,False
ZDT4_n30_m2,10000,5,5,1.0,True,0.0,15.041295092011989,False,True,False
ZDT4_n30_m2,20000,5,5,1.0,True,0.0,2.6263676683900017,False,True,False
ZDT6_n10_m2,2000,5,5,1.0,True,0.0,1.2437667009970652,False,True,False
ZDT6_n10_m2,5000,5,5,0.0,True,0.34362759534087817,0.09595919463546897,False,False,True
ZDT6_n20_m2,2000,5,5,1.0,True,0.0,2.5129983574978567,False,True,False
ZDT6_n20_m2,5000,5,5,0.0,True,0.05744465555856091,0.42033538050257035,False,False,True
ZDT6_n30_m2,2000,5,5,1.0,True,0.0,3.026089913836942,False,True,False
ZDT6_n30_m2,5000,5,5,1.0,True,0.0,0.7861483134588118,False,True,False
ZDT6_n30_m2,10000,5,5,0.0,True,0.3415349172407529,0.10063952113944159,False,False,True
DTLZ1_n6_m2,2000,5,5,1.0,True,0.0,3.2406297100889674,False,True,False
DTLZ1_n6_m2,5000,5,5,0.6,True,0.18361089689422255,0.73175624969644,False,True,False
DTLZ1_n6_m2,10000,5,5,0.0,True,0.5427004889741237,0.014981445120200684,False,False,True
DTLZ1_n9_m2,2000,5,5,1.0,True,0.0,14.999801247953737,False,True,False
DTLZ1_n9_m2,5000,5,5,1.0,True,0.0,5.024229049083204,False,True,False
DTLZ1_n9_m2,10000,5,5,1.0,True,0.0,1.663257750670494,False,True,False
DTLZ1_n9_m2,20000,5,5,0.2,True,0.4472144083704289,0.11176554245785408,False,True,False
DTLZ1_n7_m3,2000,5,5,1.0,True,0.0,11.765700691916212,False,True,False
DTLZ1_n7_m3,5000,5,5,1.0,True,0.0,4.091622957820131,False,True,False
DTLZ1_n7_m3,10000,5,5,1.0,True,0.0,1.6298359562855957,False,True,False
DTLZ1_n7_m3,20000,5,5,0.0,True,0.3885945188477182,0.19580233497699145,False,False,True
DTLZ1_n10_m3,2000,5,5,1.0,True,0.0,24.038592030265992,False,True,False
DTLZ1_n10_m3,5000,5,5,1.0,True,0.0,14.246995664277605,False,True,False
DTLZ1_n10_m3,10000,5,5,1.0,True,0.0,7.911085590462912,False,True,False
DTLZ1_n10_m3,20000,5,5,1.0,True,0.0,3.372179400979642,False,True,False
DTLZ2_n6_m2,2000,5,5,0.0,True,0.34016213374269405,0.010874674394522199,False,False,True
DTLZ2_n9_m2,2000,5,5,0.0,True,0.338150385187239,0.011634477644260729,False,False,True
DTLZ2_n7_m3,2000,5,5,0.0,True,0.4795555048845991,0.10458224947042952,False,False,True
DTLZ2_n10_m3,2000,5,5,0.0,True,0.4614318610439095,0.10629349348630854,False,False,True
