delta_HV_unit,delta_IGD,family,function_evaluations_equal,intervention_id,problem,seed,status,task_id
-0.0015999241419374366,-0.018841466618647128,ZDT,True,mutation_eta_01,ZDT1,10,ok,ZDT1_n20_m2
0.03521572421271746,-0.0263373891503524,ZDT,True,mutation_eta_01,ZDT1,11,ok,ZDT1_n20_m2
0.003133084703504485,-0.0064854202602006444,ZDT,True,mutation_eta_01,ZDT1,12,ok,ZDT1_n20_m2
0.036315696898173155,-0.03655072941042245,ZDT,True,mutation_eta_01,ZDT1,13,ok,ZDT1_n20_m2
0.11352329445066434,-0.16712036699305158,ZDT,True,mutation_eta_01,ZDT1,14,ok,ZDT1_n20_m2
0.03163241548897178,-0.024685283227534473,ZDT,True,mutation_eta_01,ZDT1,15,ok,ZDT1_n20_m2
0.002703644417468065,-0.00043583853235698924,ZDT,True,mutation_eta_01,ZDT1,16,ok,ZDT1_n20_m2
0.042623963902737816,-0.03177462548591231,ZDT,True,mutation_eta_01,ZDT1,17,ok,ZDT1_n20_m2
0.009327542608699058,-0.023820066367610814,ZDT,True,mutation_eta_01,ZDT1,18,ok,ZDT1_n20_m2
0.034686803465073024,-0.052023929994795215,ZDT,True,mutation_eta_01,ZDT1,19,ok,ZDT1_n20_m2
-0.002727087895398772,-0.01736809129755123,ZDT,True,mutation_eta_02,ZDT1,10,ok,ZDT1_n20_m2
0.04279557231765796,-0.03236142249731145,ZDT,True,mutation_eta_02,ZDT1,11,ok,ZDT1_n20_m2
0.0036781869898500075,-0.006488791131225382,ZDT,True,mutation_eta_02,ZDT1,12,ok,ZDT1_n20_m2
0.0337346617448111,-0.043421580428282786,ZDT,True,mutation_eta_02,ZDT1,13,ok,ZDT1_n20_m2
0.12679047986734304,-0.1767036294880179,ZDT,True,mutation_eta_02,ZDT1,14,ok,ZDT1_n20_m2
0.017465865043005735,-0.008815064894543666,ZDT,True,mutation_eta_02,ZDT1,15,ok,ZDT1_n20_m2
-0.009467309301363303,0.01096874549240369,ZDT,True,mutation_eta_02,ZDT1,16,ok,ZDT1_n20_m2
0.023576107162136872,-0.01701852518545189,ZDT,True,mutation_eta_02,ZDT1,17,ok,ZDT1_n20_m2
0.01049938040982068,-0.02180717797748176,ZDT,True,mutation_eta_02,ZDT1,18,ok,ZDT1_n20_m2
-0.0004183752166110333,0.0071771255602164075,ZDT,True,mutation_eta_02,ZDT1,19,ok,ZDT1_n20_m2
0.01574692602287664,-0.029901393582643866,ZDT,True,crossover_eta_01,ZDT1,10,ok,ZDT1_n20_m2
0.011497271807016318,0.012554201310934827,ZDT,True,crossover_eta_01,ZDT1,11,ok,ZDT1_n20_m2
0.007187853641348996,-0.009264003655372926,ZDT,True,crossover_eta_01,ZDT1,12,ok,ZDT1_n20_m2
0.03967159653023766,-0.04669029579909116,ZDT,True,crossover_eta_01,ZDT1,13,ok,ZDT1_n20_m2
0.10976677626289866,-0.16453754267608486,ZDT,True,crossover_eta_01,ZDT1,14,ok,ZDT1_n20_m2
0.023289795917897593,-0.017532005137266788,ZDT,True,crossover_eta_01,ZDT1,15,ok,ZDT1_n20_m2
-0.012308934374183567,0.012899824527803444,ZDT,True,crossover_eta_01,ZDT1,16,ok,ZDT1_n20_m2
0.027564407262682722,-0.021055606746417488,ZDT,True,crossover_eta_01,ZDT1,17,ok,ZDT1_n20_m2
0.014038808593192953,-0.026363136953429102,ZDT,True,crossover_eta_01,ZDT1,18,ok,ZDT1_n20_m2
0.04247230321246964,-0.05698633113864903,ZDT,True,crossover_eta_01,ZDT1,19,ok,ZDT1_n20_m2
0.2718174039919029,-0.36301223469017385,ZDT,True,mutation_eta_01,ZDT2,10,ok,ZDT2_n10_m2
0.002864084254554422,-0.005293570411243219,ZDT,True,mutation_eta_01,ZDT2,11,ok,ZDT2_n10_m2
0.01692977462459333,-0.022312831645437334,ZDT,True,mutation_eta_01,ZDT2,12,ok,ZDT2_n10_m2
0.2346658177818946,-0.2834177617243487,ZDT,True,mutation_eta_01,ZDT2,13,ok,ZDT2_n10_m2
0.1846277350318198,-0.20379744546935008,ZDT,True,mutation_eta_01,ZDT2,14,ok,ZDT2_n10_m2
0.24788312833781947,-0.2948183060097461,ZDT,True,mutation_eta_01,ZDT2,15,ok,ZDT2_n10_m2
0.32461336111963773,-0.44564194885766417,ZDT,True,mutation_eta_01,ZDT2,16,ok,ZDT2_n10_m2
0.315917951925208,-0.44841400937297743,ZDT,True,mutation_eta_01,ZDT2,17,ok,ZDT2_n10_m2
0.2950715822608897,-0.41162976903062604,ZDT,True,mutation_eta_01,ZDT2,18,ok,ZDT2_n10_m2
0.020551038522895193,-0.014523036020879688,ZDT,True,mutation_eta_01,ZDT2,19,ok,ZDT2_n10_m2
0.24567724091148221,-0.34996033282687405,ZDT,True,mutation_eta_02,ZDT2,10,ok,ZDT2_n10_m2
0.004238475540941977,-0.004906884678805082,ZDT,True,mutation_eta_02,ZDT2,11,ok,ZDT2_n10_m2
-0.13097346829511536,0.1161000181683656,ZDT,True,mutation_eta_02,ZDT2,12,ok,ZDT2_n10_m2
0.2164375758671424,-0.275474825283687,ZDT,True,mutation_eta_02,ZDT2,13,ok,ZDT2_n10_m2
0.19625345072918368,-0.21432859713237593,ZDT,True,mutation_eta_02,ZDT2,14,ok,ZDT2_n10_m2
0.2313760332872015,-0.28151222921155294,ZDT,True,mutation_eta_02,ZDT2,15,ok,ZDT2_n10_m2
0.3102604433965639,-0.4349109282765935,ZDT,True,mutation_eta_02,ZDT2,16,ok,ZDT2_n10_m2
0.30280351128703986,-0.44435646362685877,ZDT,True,mutation_eta_02,ZDT2,17,ok,ZDT2_n10_m2
0.30795369551488805,-0.42370843995293844,ZDT,True,mutation_eta_02,ZDT2,18,ok,ZDT2_n10_m2
0.025846488010939694,-0.01526541218547573,ZDT,True,mutation_eta_02,ZDT2,19,ok,ZDT2_n10_m2
0.30193310977279986,-0.5724323954920337,ZDT,True,mutation_eta_01,ZDT2,10,ok,ZDT2_n20_m2
0.1400005813318369,-0.16547532185301395,ZDT,True,mutation_eta_01,ZDT2,11,ok,ZDT2_n20_m2
0.2798122333903911,-0.39465292994886425,ZDT,True,mutation_eta_01,ZDT2,12,ok,ZDT2_n20_m2
0.33383423900161235,-0.5942719707416192,ZDT,True,mutation_eta_01,ZDT2,13,ok,ZDT2_n20_m2
0.31270989564473467,-0.5697136908022122,ZDT,True,mutation_eta_01,ZDT2,14,ok,ZDT2_n20_m2
0.2904629851340625,-0.5632542414087476,ZDT,True,mutation_eta_01,ZDT2,15,ok,ZDT2_n20_m2
0.28219597710491945,-0.4391841644529803,ZDT,True,mutation_eta_01,ZDT2,16,ok,ZDT2_n20_m2
0.31718017900673195,-0.5786483012069503,ZDT,True,mutation_eta_01,ZDT2,17,ok,ZDT2_n20_m2
0.262385627969017,-0.3792213790897389,ZDT,True,mutation_eta_01,ZDT2,18,ok,ZDT2_n20_m2
0.30402994291785507,-0.5755580059013194,ZDT,True,mutation_eta_01,ZDT2,19,ok,ZDT2_n20_m2
0.2812338302054261,-0.5543237315765035,ZDT,True,mutation_eta_02,ZDT2,10,ok,ZDT2_n20_m2
0.11994458841088473,-0.15342209143795638,ZDT,True,mutation_eta_02,ZDT2,11,ok,ZDT2_n20_m2
0.15088390532668394,-0.2516084361736079,ZDT,True,mutation_eta_02,ZDT2,12,ok,ZDT2_n20_m2
0.32848983198166337,-0.5909695550812538,ZDT,True,mutation_eta_02,ZDT2,13,ok,ZDT2_n20_m2
0.3139497089179833,-0.576899978590742,ZDT,True,mutation_eta_02,ZDT2,14,ok,ZDT2_n20_m2
0.15609773398201654,-0.40855349430060406,ZDT,True,mutation_eta_02,ZDT2,15,ok,ZDT2_n20_m2
0.26468309892750796,-0.42353199150617377,ZDT,True,mutation_eta_02,ZDT2,16,ok,ZDT2_n20_m2
0.18716202066546053,-0.43940748298804455,ZDT,True,mutation_eta_02,ZDT2,17,ok,ZDT2_n20_m2
0.24601929523332922,-0.3690532587539425,ZDT,True,mutation_eta_02,ZDT2,18,ok,ZDT2_n20_m2
0.3038578729952661,-0.5709780576642294,ZDT,True,mutation_eta_02,ZDT2,19,ok,ZDT2_n20_m2
0.021657004213052167,-0.02215962337997543,ZDT,True,mutation_eta_01,ZDT3,10,ok,ZDT3_n20_m2
0.07335087615187985,-0.059991928623770424,ZDT,True,mutation_eta_01,ZDT3,11,ok,ZDT3_n20_m2
0.050332599600183214,-0.05319930237388758,ZDT,True,mutation_eta_01,ZDT3,12,ok,ZDT3_n20_m2
0.02586092820158903,-0.07263235805189566,ZDT,True,mutation_eta_01,ZDT3,13,ok,ZDT3_n20_m2
-0.0012287141146588576,0.01127478431378564,ZDT,True,mutation_eta_01,ZDT3,14,ok,ZDT3_n20_m2
0.01811173118711973,-0.013063356732859889,ZDT,True,mutation_eta_01,ZDT3,15,ok,ZDT3_n20_m2
0.025876991283476425,-0.06336626590205323,ZDT,True,mutation_eta_01,ZDT3,16,ok,ZDT3_n20_m2
0.008714426598684266,-0.05276990712182013,ZDT,True,mutation_eta_01,ZDT3,17,ok,ZDT3_n20_m2
0.0708673147139719,-0.09937575501954857,ZDT,True,mutation_eta_01,ZDT3,18,ok,ZDT3_n20_m2
0.019822513553944487,-0.02321970224993575,ZDT,True,mutation_eta_01,ZDT3,19,ok,ZDT3_n20_m2
0.029865765612252293,-0.029770186529019443,ZDT,True,mutation_eta_02,ZDT3,10,ok,ZDT3_n20_m2
0.0702548716149386,-0.058483448848456694,ZDT,True,mutation_eta_02,ZDT3,11,ok,ZDT3_n20_m2
0.0553978798517899,-0.056083161828160547,ZDT,True,mutation_eta_02,ZDT3,12,ok,ZDT3_n20_m2
0.02964012669194649,-0.07708356285879701,ZDT,True,mutation_eta_02,ZDT3,13,ok,ZDT3_n20_m2
0.00937593743969356,-0.010539890447291048,ZDT,True,mutation_eta_02,ZDT3,14,ok,ZDT3_n20_m2
0.0400581452583052,-0.03664874189149616,ZDT,True,mutation_eta_02,ZDT3,15,ok,ZDT3_n20_m2
0.02269883475321477,-0.060976894287470246,ZDT,True,mutation_eta_02,ZDT3,16,ok,ZDT3_n20_m2
0.00220713261805483,-0.004269587580366094,ZDT,True,mutation_eta_02,ZDT3,17,ok,ZDT3_n20_m2
0.07642598029356273,-0.10558110013400207,ZDT,True,mutation_eta_02,ZDT3,18,ok,ZDT3_n20_m2
0.03211427002831879,-0.030391992025815447,ZDT,True,mutation_eta_02,ZDT3,19,ok,ZDT3_n20_m2
-0.023101875523813376,0.10506044830003351,ZDT,True,crossover_eta_01,ZDT3,10,ok,ZDT3_n20_m2
0.08655788945986287,-0.06937604582662851,ZDT,True,crossover_eta_01,ZDT3,11,ok,ZDT3_n20_m2
0.011924504773832112,-0.018816931614943515,ZDT,True,crossover_eta_01,ZDT3,12,ok,ZDT3_n20_m2
0.038717690842805186,-0.08316083303364194,ZDT,True,crossover_eta_01,ZDT3,13,ok,ZDT3_n20_m2
-0.005251391238818015,0.0010802372605727,ZDT,True,crossover_eta_01,ZDT3,14,ok,ZDT3_n20_m2
0.029025870773416673,-0.0293276228556349,ZDT,True,crossover_eta_01,ZDT3,15,ok,ZDT3_n20_m2
0.012522980407583595,-0.05503727552365035,ZDT,True,crossover_eta_01,ZDT3,16,ok,ZDT3_n20_m2
-0.0003457766213380564,-0.04376159754792874,ZDT,True,crossover_eta_01,ZDT3,17,ok,ZDT3_n20_m2
0.08026322156924759,-0.10964673640813287,ZDT,True,crossover_eta_01,ZDT3,18,ok,ZDT3_n20_m2
0.02685176324195937,-0.027007721749102476,ZDT,True,crossover_eta_01,ZDT3,19,ok,ZDT3_n20_m2
-0.6101159853708612,1.2448803461047908,ZDT,True,mutation_prob_03,ZDT4,10,ok,ZDT4_n10_m2
-0.5387216267594879,0.630223120678903,ZDT,True,mutation_prob_03,ZDT4,11,ok,ZDT4_n10_m2
-0.6302068855394524,0.9868832762693442,ZDT,True,mutation_prob_03,ZDT4,12,ok,ZDT4_n10_m2
-0.45491494708230445,0.8601772093772142,ZDT,True,mutation_prob_03,ZDT4,13,ok,ZDT4_n10_m2
-0.5681861311071913,1.0184290150866604,ZDT,True,mutation_prob_03,ZDT4,14,ok,ZDT4_n10_m2
-0.18358497934389467,0.28709214479632206,ZDT,True,mutation_prob_03,ZDT4,15,ok,ZDT4_n10_m2
-0.5955940989260743,0.6500425217576413,ZDT,True,mutation_prob_03,ZDT4,16,ok,ZDT4_n10_m2
-0.4467078909738354,0.5612628617317779,ZDT,True,mutation_prob_03,ZDT4,17,ok,ZDT4_n10_m2
-0.35416636133293816,0.4567529941195909,ZDT,True,mutation_prob_03,ZDT4,18,ok,ZDT4_n10_m2
-0.6157280826762622,0.9327295899935728,ZDT,True,mutation_prob_03,ZDT4,19,ok,ZDT4_n10_m2
-0.6101159853708612,0.9760571481336737,ZDT,True,mutation_prob_04,ZDT4,10,ok,ZDT4_n10_m2
-0.6681332193873276,2.8285085794055718,ZDT,True,mutation_prob_04,ZDT4,11,ok,ZDT4_n10_m2
-0.6302068855394524,2.4912257977326453,ZDT,True,mutation_prob_04,ZDT4,12,ok,ZDT4_n10_m2
-0.45491494708230445,1.624569577517833,ZDT,True,mutation_prob_04,ZDT4,13,ok,ZDT4_n10_m2
-0.5681861311071913,2.8437178512121863,ZDT,True,mutation_prob_04,ZDT4,14,ok,ZDT4_n10_m2
-0.5297370208085058,2.7699450118703517,ZDT,True,mutation_prob_04,ZDT4,15,ok,ZDT4_n10_m2
-0.6139473709699524,4.5141002685113625,ZDT,True,mutation_prob_04,ZDT4,16,ok,ZDT4_n10_m2
-0.5069445809553146,2.3639186741125777,ZDT,True,mutation_prob_04,ZDT4,17,ok,ZDT4_n10_m2
-0.35416636133293816,2.041954461260772,ZDT,True,mutation_prob_04,ZDT4,18,ok,ZDT4_n10_m2
-0.6157280826762622,2.9331451487367404,ZDT,True,mutation_prob_04,ZDT4,19,ok,ZDT4_n10_m2
-0.445540356482246,0.38417176475662335,ZDT,True,mutation_eta_01,ZDT4,10,ok,ZDT4_n10_m2
-0.03120778162801685,0.021417468359033354,ZDT,True,mutation_eta_01,ZDT4,11,ok,ZDT4_n10_m2
-0.5727551645238119,0.6481783017813241,ZDT,True,mutation_eta_01,ZDT4,12,ok,ZDT4_n10_m2
-0.12073371286719004,-0.016933236493595405,ZDT,True,mutation_eta_01,ZDT4,13,ok,ZDT4_n10_m2
-0.06477310690707505,-0.05639015035885814,ZDT,True,mutation_eta_01,ZDT4,14,ok,ZDT4_n10_m2
-0.30604264611108306,0.2821670261748527,ZDT,True,mutation_eta_01,ZDT4,15,ok,ZDT4_n10_m2
-0.44194821535043755,0.33433239463012676,ZDT,True,mutation_eta_01,ZDT4,16,ok,ZDT4_n10_m2
-0.29195633777864044,0.16638576511199882,ZDT,True,mutation_eta_01,ZDT4,17,ok,ZDT4_n10_m2
0.06091238942153637,-0.1672305975177553,ZDT,True,mutation_eta_01,ZDT4,18,ok,ZDT4_n10_m2
-0.1935937960417516,0.13627962581768674,ZDT,True,mutation_eta_01,ZDT4,19,ok,ZDT4_n10_m2
-0.019637309315457818,-0.03789434403930768,ZDT,True,mutation_eta_02,ZDT4,10,ok,ZDT4_n10_m2
-0.15702990729960542,0.12474130759811934,ZDT,True,mutation_eta_02,ZDT4,11,ok,ZDT4_n10_m2
0.04470196147739758,-0.04161772321582993,ZDT,True,mutation_eta_02,ZDT4,12,ok,ZDT4_n10_m2
-0.24762998134163844,0.09830760786889636,ZDT,True,mutation_eta_02,ZDT4,13,ok,ZDT4_n10_m2
-0.06917490956365241,-0.0530093978959498,ZDT,True,mutation_eta_02,ZDT4,14,ok,ZDT4_n10_m2
-0.0005587925761342261,-0.005907546382235868,ZDT,True,mutation_eta_02,ZDT4,15,ok,ZDT4_n10_m2
-0.12915671448998273,0.032835782293063276,ZDT,True,mutation_eta_02,ZDT4,16,ok,ZDT4_n10_m2
-0.02639205371281922,-0.09564551664523527,ZDT,True,mutation_eta_02,ZDT4,17,ok,ZDT4_n10_m2
0.2871233434062103,-0.3469194217027461,ZDT,True,mutation_eta_02,ZDT4,18,ok,ZDT4_n10_m2
-0.11012429284213576,0.06017790460494382,ZDT,True,mutation_eta_02,ZDT4,19,ok,ZDT4_n10_m2
-0.23982081134923056,0.14723891875739714,ZDT,True,crossover_eta_01,ZDT4,10,ok,ZDT4_n10_m2
-0.1724124867871889,0.1276445405594267,ZDT,True,crossover_eta_01,ZDT4,11,ok,ZDT4_n10_m2
-0.34191285468106963,0.2728418025562665,ZDT,True,crossover_eta_01,ZDT4,12,ok,ZDT4_n10_m2
-0.15020667619198586,0.01534697994327372,ZDT,True,crossover_eta_01,ZDT4,13,ok,ZDT4_n10_m2
-0.18141254888148578,0.03570385143609506,ZDT,True,crossover_eta_01,ZDT4,14,ok,ZDT4_n10_m2
-0.08827063972040844,0.06187493360823301,ZDT,True,crossover_eta_01,ZDT4,15,ok,ZDT4_n10_m2
-0.07627014011862121,-0.010000364243893917,ZDT,True,crossover_eta_01,ZDT4,16,ok,ZDT4_n10_m2
0.19373654062366785,-0.2651310494883472,ZDT,True,crossover_eta_01,ZDT4,17,ok,ZDT4_n10_m2
-0.2964421072789911,0.3099232409874284,ZDT,True,crossover_eta_01,ZDT4,18,ok,ZDT4_n10_m2
-0.2695147093727203,0.42802565729791675,ZDT,True,crossover_eta_01,ZDT4,19,ok,ZDT4_n10_m2
-0.12239269338737652,0.09447360274231524,ZDT,True,mutation_prob_01,ZDT6,10,ok,ZDT6_n10_m2
-0.18993581277445598,0.15069294598360916,ZDT,True,mutation_prob_01,ZDT6,11,ok,ZDT6_n10_m2
-0.028307322157038017,0.020979270365915195,ZDT,True,mutation_prob_01,ZDT6,12,ok,ZDT6_n10_m2
-0.143605879015623,0.10553128053463304,ZDT,True,mutation_prob_01,ZDT6,13,ok,ZDT6_n10_m2
-0.05674259470579279,0.04159897741084333,ZDT,True,mutation_prob_01,ZDT6,14,ok,ZDT6_n10_m2
-0.17502863586804782,0.14477429139897002,ZDT,True,mutation_prob_01,ZDT6,15,ok,ZDT6_n10_m2
-0.05307727357461206,0.03275672019908808,ZDT,True,mutation_prob_01,ZDT6,16,ok,ZDT6_n10_m2
-0.043679121599139725,0.036266556166790476,ZDT,True,mutation_prob_01,ZDT6,17,ok,ZDT6_n10_m2
-0.07580840305957914,0.05204868315619575,ZDT,True,mutation_prob_01,ZDT6,18,ok,ZDT6_n10_m2
-0.06914756282813878,0.04851168756605835,ZDT,True,mutation_prob_01,ZDT6,19,ok,ZDT6_n10_m2
-0.16663376911902453,0.11389746622008652,ZDT,True,mutation_prob_04,ZDT6,10,ok,ZDT6_n10_m2
-0.15611128385180387,0.10032260679768824,ZDT,True,mutation_prob_04,ZDT6,11,ok,ZDT6_n10_m2
-0.05529463716759769,0.03076766590821739,ZDT,True,mutation_prob_04,ZDT6,12,ok,ZDT6_n10_m2
-0.046449887003312984,0.024184894089750844,ZDT,True,mutation_prob_04,ZDT6,13,ok,ZDT6_n10_m2
-0.09060485347463915,0.05666234540124421,ZDT,True,mutation_prob_04,ZDT6,14,ok,ZDT6_n10_m2
-0.14704002282686776,0.11279296041644522,ZDT,True,mutation_prob_04,ZDT6,15,ok,ZDT6_n10_m2
-0.055446033932242345,0.0333722347720474,ZDT,True,mutation_prob_04,ZDT6,16,ok,ZDT6_n10_m2
-0.08741638832320492,0.05554902481810159,ZDT,True,mutation_prob_04,ZDT6,17,ok,ZDT6_n10_m2
-0.12330268207356146,0.08013223330622578,ZDT,True,mutation_prob_04,ZDT6,18,ok,ZDT6_n10_m2
-0.16605489109127436,0.12306390492588488,ZDT,True,mutation_prob_04,ZDT6,19,ok,ZDT6_n10_m2
-0.4953594043348765,1.7517545318570935,DTLZ,True,mutation_prob_01,DTLZ1,10,ok,DTLZ1_n6_m2
-0.5168189044323969,0.3392101120206593,DTLZ,True,mutation_prob_01,DTLZ1,11,ok,DTLZ1_n6_m2
-0.5179879334692914,0.34559763020340645,DTLZ,True,mutation_prob_01,DTLZ1,12,ok,DTLZ1_n6_m2
-0.547291740818678,0.35635900619420563,DTLZ,True,mutation_prob_01,DTLZ1,13,ok,DTLZ1_n6_m2
-0.23007824231852086,0.23756220914087234,DTLZ,True,mutation_prob_01,DTLZ1,14,ok,DTLZ1_n6_m2
0.0,0.7109050887632902,DTLZ,True,mutation_prob_01,DTLZ1,15,ok,DTLZ1_n6_m2
-0.004218799341773808,0.005204763924175626,DTLZ,True,mutation_prob_01,DTLZ1,16,ok,DTLZ1_n6_m2
-0.5538304249678454,0.6973312890815003,DTLZ,True,mutation_prob_01,DTLZ1,17,ok,DTLZ1_n6_m2
-0.5671872157243685,0.7612049118904082,DTLZ,True,mutation_prob_01,DTLZ1,18,ok,DTLZ1_n6_m2
-0.0224369587690062,0.008280158125992934,DTLZ,True,mutation_prob_01,DTLZ1,19,ok,DTLZ1_n6_m2
-0.341390821998516,0.1109688316300921,DTLZ,True,mutation_prob_04,DTLZ1,10,ok,DTLZ1_n6_m2
-0.5248767844060668,0.37412979639469063,DTLZ,True,mutation_prob_04,DTLZ1,11,ok,DTLZ1_n6_m2
-0.5259235347337051,0.3917097452108129,DTLZ,True,mutation_prob_04,DTLZ1,12,ok,DTLZ1_n6_m2
-0.26465882625843595,0.08606445584359004,DTLZ,True,mutation_prob_04,DTLZ1,13,ok,DTLZ1_n6_m2
-0.23754167638107251,0.26236090353963404,DTLZ,True,mutation_prob_04,DTLZ1,14,ok,DTLZ1_n6_m2
0.0,-0.08116486547479085,DTLZ,True,mutation_prob_04,DTLZ1,15,ok,DTLZ1_n6_m2
0.17948120501432233,-0.1857639259863455,DTLZ,True,mutation_prob_04,DTLZ1,16,ok,DTLZ1_n6_m2
-0.5538304249678454,0.7587656127021543,DTLZ,True,mutation_prob_04,DTLZ1,17,ok,DTLZ1_n6_m2
-0.06868295942150249,0.027121006791196015,DTLZ,True,mutation_prob_04,DTLZ1,18,ok,DTLZ1_n6_m2
-0.55898984720458,0.7161659950596108,DTLZ,True,mutation_prob_04,DTLZ1,19,ok,DTLZ1_n6_m2
-0.4953594043348765,0.7795672679260823,DTLZ,True,crossover_eta_01,DTLZ1,10,ok,DTLZ1_n6_m2
-0.002956791889667909,0.0003164595915578494,DTLZ,True,crossover_eta_01,DTLZ1,11,ok,DTLZ1_n6_m2
0.04245220022358542,-0.01540458407568082,DTLZ,True,crossover_eta_01,DTLZ1,12,ok,DTLZ1_n6_m2
-0.2490847615328492,0.07998788270135895,DTLZ,True,crossover_eta_01,DTLZ1,13,ok,DTLZ1_n6_m2
-0.24127017667703415,0.5986181299106532,DTLZ,True,crossover_eta_01,DTLZ1,14,ok,DTLZ1_n6_m2
0.0048671666651749325,-0.34036239837417787,DTLZ,True,crossover_eta_01,DTLZ1,15,ok,DTLZ1_n6_m2
-0.007513587829765432,0.019332325959531382,DTLZ,True,crossover_eta_01,DTLZ1,16,ok,DTLZ1_n6_m2
-0.5538304249678454,0.7539180068964251,DTLZ,True,crossover_eta_01,DTLZ1,17,ok,DTLZ1_n6_m2
-0.5671872157243685,0.4614753656252925,DTLZ,True,crossover_eta_01,DTLZ1,18,ok,DTLZ1_n6_m2
-0.55898984720458,0.4561269633612456,DTLZ,True,crossover_eta_01,DTLZ1,19,ok,DTLZ1_n6_m2
-0.771193829301093,0.6512327047153815,DTLZ,True,mutation_prob_04,DTLZ1,10,ok,DTLZ1_n7_m3
-0.7195932772581115,0.3057257669985688,DTLZ,True,mutation_prob_04,DTLZ1,11,ok,DTLZ1_n7_m3
0.0,0.9683082728964901,DTLZ,True,mutation_prob_04,DTLZ1,12,ok,DTLZ1_n7_m3
-0.08368446626331115,0.10891336360333825,DTLZ,True,mutation_prob_04,DTLZ1,13,ok,DTLZ1_n7_m3
-0.11676009443454251,1.5214305948898148,DTLZ,True,mutation_prob_04,DTLZ1,14,ok,DTLZ1_n7_m3
0.5654916749966858,-0.23978065268246412,DTLZ,True,mutation_prob_04,DTLZ1,15,ok,DTLZ1_n7_m3
0.0,0.24431360472356323,DTLZ,True,mutation_prob_04,DTLZ1,16,ok,DTLZ1_n7_m3
-0.42169570950799734,0.17452387526333293,DTLZ,True,mutation_prob_04,DTLZ1,17,ok,DTLZ1_n7_m3
-0.6376082649550445,1.2278932986385382,DTLZ,True,mutation_prob_04,DTLZ1,18,ok,DTLZ1_n7_m3
-0.024593470450835965,0.05917328696315616,DTLZ,True,mutation_prob_04,DTLZ1,19,ok,DTLZ1_n7_m3
-0.6703198447320252,0.2752281326832321,DTLZ,True,mutation_eta_02,DTLZ1,10,ok,DTLZ1_n7_m3
-0.004004080680792055,0.005100284020948448,DTLZ,True,mutation_eta_02,DTLZ1,11,ok,DTLZ1_n7_m3
0.7043863998274862,-0.5599520046693597,DTLZ,True,mutation_eta_02,DTLZ1,12,ok,DTLZ1_n7_m3
0.3227205688082665,-0.1826838568805803,DTLZ,True,mutation_eta_02,DTLZ1,13,ok,DTLZ1_n7_m3
0.6064923450524157,-0.2536765209129887,DTLZ,True,mutation_eta_02,DTLZ1,14,ok,DTLZ1_n7_m3
-0.0051959579191830085,-0.0010085348742659428,DTLZ,True,mutation_eta_02,DTLZ1,15,ok,DTLZ1_n7_m3
0.613210720569159,-0.5166462130918478,DTLZ,True,mutation_eta_02,DTLZ1,16,ok,DTLZ1_n7_m3
-0.746534371407662,0.5445197529297168,DTLZ,True,mutation_eta_02,DTLZ1,17,ok,DTLZ1_n7_m3
0.0908270349738175,-0.047718668075267257,DTLZ,True,mutation_eta_02,DTLZ1,18,ok,DTLZ1_n7_m3
0.017191978101435794,0.0006058674703858791,DTLZ,True,mutation_eta_02,DTLZ1,19,ok,DTLZ1_n7_m3
-0.771193829301093,0.5026352878616801,DTLZ,True,crossover_eta_01,DTLZ1,10,ok,DTLZ1_n7_m3
-0.7658374224780625,0.33238170232091835,DTLZ,True,crossover_eta_01,DTLZ1,11,ok,DTLZ1_n7_m3
0.0,0.3295559087043586,DTLZ,True,crossover_eta_01,DTLZ1,12,ok,DTLZ1_n7_m3
-0.09672237699409814,0.9662385089784602,DTLZ,True,crossover_eta_01,DTLZ1,13,ok,DTLZ1_n7_m3
-0.10135469680497461,0.13430906456429587,DTLZ,True,crossover_eta_01,DTLZ1,14,ok,DTLZ1_n7_m3
-0.11378409819778473,1.5030855377181966,DTLZ,True,crossover_eta_01,DTLZ1,15,ok,DTLZ1_n7_m3
0.0,0.31238790316148257,DTLZ,True,crossover_eta_01,DTLZ1,16,ok,DTLZ1_n7_m3
-0.746534371407662,0.8844016363108161,DTLZ,True,crossover_eta_01,DTLZ1,17,ok,DTLZ1_n7_m3
-0.6376082649550445,0.9620147151317868,DTLZ,True,crossover_eta_01,DTLZ1,18,ok,DTLZ1_n7_m3
-0.04656621792662257,1.3156780499638128,DTLZ,True,crossover_eta_01,DTLZ1,19,ok,DTLZ1_n7_m3
0.02141375021109193,0.018954897844321014,ZDT,True,mutation_prob_03,ZDT1,10,ok,ZDT1_n30_m2
0.0030802198280632798,0.0045548160295924775,ZDT,True,mutation_prob_03,ZDT1,11,ok,ZDT1_n30_m2
0.018390953698596224,-0.013408049226502898,ZDT,True,mutation_prob_03,ZDT1,12,ok,ZDT1_n30_m2
0.01390641976657181,-0.009364949320257498,ZDT,True,mutation_prob_03,ZDT1,13,ok,ZDT1_n30_m2
0.05129088692829775,-0.08489945867927207,ZDT,True,mutation_prob_03,ZDT1,14,ok,ZDT1_n30_m2
0.0240645100579302,-0.029419452277292632,ZDT,True,mutation_prob_03,ZDT1,15,ok,ZDT1_n30_m2
0.10535074229438124,-0.13191334349982642,ZDT,True,mutation_prob_03,ZDT1,16,ok,ZDT1_n30_m2
0.04787024109738691,-0.03847398213829636,ZDT,True,mutation_prob_03,ZDT1,17,ok,ZDT1_n30_m2
0.01203309502386718,-0.006981460267346341,ZDT,True,mutation_prob_03,ZDT1,18,ok,ZDT1_n30_m2
0.04940400168304926,-0.0514717329382945,ZDT,True,mutation_prob_03,ZDT1,19,ok,ZDT1_n30_m2
0.07517807345102678,-0.06234879812254184,ZDT,True,crossover_eta_01,ZDT1,10,ok,ZDT1_n30_m2
0.023262559256781556,-0.019162268704246713,ZDT,True,crossover_eta_01,ZDT1,11,ok,ZDT1_n30_m2
-0.005342575305000041,0.004997416184762717,ZDT,True,crossover_eta_01,ZDT1,12,ok,ZDT1_n30_m2
0.013606526044284029,-0.010129307083210831,ZDT,True,crossover_eta_01,ZDT1,13,ok,ZDT1_n30_m2
0.05478729957357964,-0.08747152053560392,ZDT,True,crossover_eta_01,ZDT1,14,ok,ZDT1_n30_m2
0.029633369144604238,-0.03446903171638654,ZDT,True,crossover_eta_01,ZDT1,15,ok,ZDT1_n30_m2
0.06540840744225696,-0.1030500396719646,ZDT,True,crossover_eta_01,ZDT1,16,ok,ZDT1_n30_m2
0.05146156742348351,-0.041218793862830616,ZDT,True,crossover_eta_01,ZDT1,17,ok,ZDT1_n30_m2
0.0027230420078870887,-0.0033834579995476663,ZDT,True,crossover_eta_01,ZDT1,18,ok,ZDT1_n30_m2
0.05694135002307399,-0.05667333013552919,ZDT,True,crossover_eta_01,ZDT1,19,ok,ZDT1_n30_m2
0.30405018514561594,-0.5653170106935316,ZDT,True,mutation_eta_01,ZDT2,10,ok,ZDT2_n30_m2
0.06733572886707395,-0.05410879247666665,ZDT,True,mutation_eta_01,ZDT2,11,ok,ZDT2_n30_m2
0.3017612330998637,-0.565647535944748,ZDT,True,mutation_eta_01,ZDT2,12,ok,ZDT2_n30_m2
0.30136070343370497,-0.5623727784290807,ZDT,True,mutation_eta_01,ZDT2,13,ok,ZDT2_n30_m2
0.2865344160779391,-0.5573732873437143,ZDT,True,mutation_eta_01,ZDT2,14,ok,ZDT2_n30_m2
0.3309122520633064,-0.5888637050313521,ZDT,True,mutation_eta_01,ZDT2,15,ok,ZDT2_n30_m2
0.3185532481084144,-0.6083122882433804,ZDT,True,mutation_eta_01,ZDT2,16,ok,ZDT2_n30_m2
0.2288490286883325,-0.3208292232525372,ZDT,True,mutation_eta_01,ZDT2,17,ok,ZDT2_n30_m2
0.2586844226338723,-0.5241775749248648,ZDT,True,mutation_eta_01,ZDT2,18,ok,ZDT2_n30_m2
0.2749521780022646,-0.5430430475729208,ZDT,True,mutation_eta_01,ZDT2,19,ok,ZDT2_n30_m2
0.2745930009017029,-0.5390444400041993,ZDT,True,mutation_eta_02,ZDT2,10,ok,ZDT2_n30_m2
-0.01920713664098428,0.05218673363033535,ZDT,True,mutation_eta_02,ZDT2,11,ok,ZDT2_n30_m2
0.3122484288542045,-0.574145634540339,ZDT,True,mutation_eta_02,ZDT2,12,ok,ZDT2_n30_m2
0.2164180674828186,-0.4755178850738533,ZDT,True,mutation_eta_02,ZDT2,13,ok,ZDT2_n30_m2
0.33513100900644166,-0.5892423205877906,ZDT,True,mutation_eta_02,ZDT2,14,ok,ZDT2_n30_m2
0.3582235417866698,-0.6030277916707446,ZDT,True,mutation_eta_02,ZDT2,15,ok,ZDT2_n30_m2
0.2203589248641799,-0.508748007797112,ZDT,True,mutation_eta_02,ZDT2,16,ok,ZDT2_n30_m2
0.06854085480314424,-0.10848936985750984,ZDT,True,mutation_eta_02,ZDT2,17,ok,ZDT2_n30_m2
0.2061237826443287,-0.47101611262722715,ZDT,True,mutation_eta_02,ZDT2,18,ok,ZDT2_n30_m2
0.23512533601003666,-0.47825620839907046,ZDT,True,mutation_eta_02,ZDT2,19,ok,ZDT2_n30_m2
0.07752908373614842,-0.15829293602795677,ZDT,True,mutation_prob_02,ZDT3,10,ok,ZDT3_n30_m2
0.07543510835636663,-0.06807719500694895,ZDT,True,mutation_prob_02,ZDT3,11,ok,ZDT3_n30_m2
0.08907840662886496,-0.21918056644530864,ZDT,True,mutation_prob_02,ZDT3,12,ok,ZDT3_n30_m2
0.06419513798713639,-0.04623360870373911,ZDT,True,mutation_prob_02,ZDT3,13,ok,ZDT3_n30_m2
0.006927506448403231,-0.003425784507165665,ZDT,True,mutation_prob_02,ZDT3,14,ok,ZDT3_n30_m2
0.08311539842999277,-0.16636261107922495,ZDT,True,mutation_prob_02,ZDT3,15,ok,ZDT3_n30_m2
0.031575362399568596,0.018212873439546057,ZDT,True,mutation_prob_02,ZDT3,16,ok,ZDT3_n30_m2
0.05314491460604104,-0.039054586338154965,ZDT,True,mutation_prob_02,ZDT3,17,ok,ZDT3_n30_m2
0.027510170813953794,-0.03166882138185768,ZDT,True,mutation_prob_02,ZDT3,18,ok,ZDT3_n30_m2
0.09122744293396717,-0.06686683825922257,ZDT,True,mutation_prob_02,ZDT3,19,ok,ZDT3_n30_m2
0.08579249047729398,-0.21477150060135622,ZDT,True,mutation_prob_03,ZDT3,10,ok,ZDT3_n30_m2
0.0649841325466502,-0.009535562213796978,ZDT,True,mutation_prob_03,ZDT3,11,ok,ZDT3_n30_m2
0.09349153124013548,-0.22403253749633023,ZDT,True,mutation_prob_03,ZDT3,12,ok,ZDT3_n30_m2
0.06850004349917138,-0.005370710402886308,ZDT,True,mutation_prob_03,ZDT3,13,ok,ZDT3_n30_m2
0.0022859497535301365,0.0039003911678611725,ZDT,True,mutation_prob_03,ZDT3,14,ok,ZDT3_n30_m2
0.08872860255595821,-0.17787832851989363,ZDT,True,mutation_prob_03,ZDT3,15,ok,ZDT3_n30_m2
0.04067524329250827,-0.029374744087410323,ZDT,True,mutation_prob_03,ZDT3,16,ok,ZDT3_n30_m2
0.06080651635343565,-0.052007685789037465,ZDT,True,mutation_prob_03,ZDT3,17,ok,ZDT3_n30_m2
-0.026993186570097527,0.14969748942592537,ZDT,True,mutation_prob_03,ZDT3,18,ok,ZDT3_n30_m2
0.11043473897067119,-0.08854387233409672,ZDT,True,mutation_prob_03,ZDT3,19,ok,ZDT3_n30_m2
0.0887929932043452,-0.21577510098789093,ZDT,True,mutation_prob_04,ZDT3,10,ok,ZDT3_n30_m2
0.06218323693536748,-0.042157340371838006,ZDT,True,mutation_prob_04,ZDT3,11,ok,ZDT3_n30_m2
0.08601699794125611,-0.21758516341005033,ZDT,True,mutation_prob_04,ZDT3,12,ok,ZDT3_n30_m2
0.05855820175316151,0.00029028750652508595,ZDT,True,mutation_prob_04,ZDT3,13,ok,ZDT3_n30_m2
-0.009559101392188296,0.011365560015338415,ZDT,True,mutation_prob_04,ZDT3,14,ok,ZDT3_n30_m2
0.08001038380758246,-0.16904976824539092,ZDT,True,mutation_prob_04,ZDT3,15,ok,ZDT3_n30_m2
0.013614846969179029,0.040588515370986386,ZDT,True,mutation_prob_04,ZDT3,16,ok,ZDT3_n30_m2
0.06917539138589085,-0.056571958391645694,ZDT,True,mutation_prob_04,ZDT3,17,ok,ZDT3_n30_m2
0.0245910537459344,-0.021235243045161396,ZDT,True,mutation_prob_04,ZDT3,18,ok,ZDT3_n30_m2
0.09104798798328201,-0.023508836153193116,ZDT,True,mutation_prob_04,ZDT3,19,ok,ZDT3_n30_m2
0.10170073262129387,-0.22907592906205435,ZDT,True,mutation_eta_01,ZDT3,10,ok,ZDT3_n30_m2
0.07319322094341801,-0.06398463480326305,ZDT,True,mutation_eta_01,ZDT3,11,ok,ZDT3_n30_m2
0.0825897638847995,-0.2156452777361438,ZDT,True,mutation_eta_01,ZDT3,12,ok,ZDT3_n30_m2
0.09604060538862924,-0.0765048223762526,ZDT,True,mutation_eta_01,ZDT3,13,ok,ZDT3_n30_m2
-0.0015812674840783858,0.002698076276405781,ZDT,True,mutation_eta_01,ZDT3,14,ok,ZDT3_n30_m2
0.09421119506526293,-0.2261347585188878,ZDT,True,mutation_eta_01,ZDT3,15,ok,ZDT3_n30_m2
0.0031628661413281023,0.022253757547560343,ZDT,True,mutation_eta_01,ZDT3,16,ok,ZDT3_n30_m2
0.03578368523319225,-0.026923330785438147,ZDT,True,mutation_eta_01,ZDT3,17,ok,ZDT3_n30_m2
0.039230356376918074,-0.037374254001982625,ZDT,True,mutation_eta_01,ZDT3,18,ok,ZDT3_n30_m2
0.1143625862569087,-0.09060557971344266,ZDT,True,mutation_eta_01,ZDT3,19,ok,ZDT3_n30_m2
0.06002337807502578,-0.19122301648658518,ZDT,True,mutation_eta_02,ZDT3,10,ok,ZDT3_n30_m2
0.0512090871895568,1.4864727849464576e-05,ZDT,True,mutation_eta_02,ZDT3,11,ok,ZDT3_n30_m2
0.07294688582275549,-0.20602067523892006,ZDT,True,mutation_eta_02,ZDT3,12,ok,ZDT3_n30_m2
0.058903259705042954,-0.040599622970581374,ZDT,True,mutation_eta_02,ZDT3,13,ok,ZDT3_n30_m2
-0.007002913001142197,0.006336919312053702,ZDT,True,mutation_eta_02,ZDT3,14,ok,ZDT3_n30_m2
0.07774144042738934,-0.2132552607359422,ZDT,True,mutation_eta_02,ZDT3,15,ok,ZDT3_n30_m2
0.020791285250026936,0.00517306872437083,ZDT,True,mutation_eta_02,ZDT3,16,ok,ZDT3_n30_m2
0.02448602425796259,-0.007102322337579944,ZDT,True,mutation_eta_02,ZDT3,17,ok,ZDT3_n30_m2
0.03644927483604743,-0.03639478448954902,ZDT,True,mutation_eta_02,ZDT3,18,ok,ZDT3_n30_m2
0.11112313112924105,-0.08872578833764143,ZDT,True,mutation_eta_02,ZDT3,19,ok,ZDT3_n30_m2
0.08845331698614511,-0.2176544148618565,ZDT,True,crossover_eta_01,ZDT3,10,ok,ZDT3_n30_m2
0.0866279892513499,-0.07541093805100399,ZDT,True,crossover_eta_01,ZDT3,11,ok,ZDT3_n30_m2
0.09526499662564031,-0.22425092472790167,ZDT,True,crossover_eta_01,ZDT3,12,ok,ZDT3_n30_m2
0.06591756199010168,-0.04976090290515049,ZDT,True,crossover_eta_01,ZDT3,13,ok,ZDT3_n30_m2
-0.025719130291691816,0.026341731626699727,ZDT,True,crossover_eta_01,ZDT3,14,ok,ZDT3_n30_m2
0.029030663253311606,-0.03687464413127822,ZDT,True,crossover_eta_01,ZDT3,15,ok,ZDT3_n30_m2
0.026995371016541148,-0.022434952562011244,ZDT,True,crossover_eta_01,ZDT3,16,ok,ZDT3_n30_m2
0.0586954595438724,-0.049626143899974905,ZDT,True,crossover_eta_01,ZDT3,17,ok,ZDT3_n30_m2
0.01581833810881228,-0.02012137586759736,ZDT,True,crossover_eta_01,ZDT3,18,ok,ZDT3_n30_m2
0.06978290228838863,-0.054306480950541886,ZDT,True,crossover_eta_01,ZDT3,19,ok,ZDT3_n30_m2
0.0013889312041297282,-0.01736894950373269,ZDT,True,mutation_prob_03,ZDT6,10,ok,ZDT6_n20_m2
0.0021500937228709216,-0.04507898506103525,ZDT,True,mutation_prob_03,ZDT6,11,ok,ZDT6_n20_m2
0.010915018487106354,-0.044758082321653014,ZDT,True,mutation_prob_03,ZDT6,12,ok,ZDT6_n20_m2
-0.023715984663981886,0.10928217708827154,ZDT,True,mutation_prob_03,ZDT6,13,ok,ZDT6_n20_m2
-0.16342203003358693,0.27886356530884204,ZDT,True,mutation_prob_03,ZDT6,14,ok,ZDT6_n20_m2
-0.07809039339236265,0.36465716606665427,ZDT,True,mutation_prob_03,ZDT6,15,ok,ZDT6_n20_m2
-0.12649734734627935,0.38944814575667175,ZDT,True,mutation_prob_03,ZDT6,16,ok,ZDT6_n20_m2
-0.09146265652944521,0.21872611356122013,ZDT,True,mutation_prob_03,ZDT6,17,ok,ZDT6_n20_m2
-0.12126906186855746,0.26020149979998586,ZDT,True,mutation_prob_03,ZDT6,18,ok,ZDT6_n20_m2
-0.10122012022519304,0.324282655059696,ZDT,True,mutation_prob_03,ZDT6,19,ok,ZDT6_n20_m2
-0.011477969373597716,0.4405787413339657,ZDT,True,mutation_prob_04,ZDT6,10,ok,ZDT6_n20_m2
-0.012020818165784198,0.44829407311141456,ZDT,True,mutation_prob_04,ZDT6,11,ok,ZDT6_n20_m2
-0.042880367179801385,0.587111517965085,ZDT,True,mutation_prob_04,ZDT6,12,ok,ZDT6_n20_m2
-0.032555416320932444,0.5690113402322183,ZDT,True,mutation_prob_04,ZDT6,13,ok,ZDT6_n20_m2
-0.1790364739133512,0.8747597578388533,ZDT,True,mutation_prob_04,ZDT6,14,ok,ZDT6_n20_m2
-0.07809039339236265,0.6679915069514055,ZDT,True,mutation_prob_04,ZDT6,15,ok,ZDT6_n20_m2
-0.12649734734627935,0.8140492415834635,ZDT,True,mutation_prob_04,ZDT6,16,ok,ZDT6_n20_m2
-0.10203629807076324,0.5689528413398701,ZDT,True,mutation_prob_04,ZDT6,17,ok,ZDT6_n20_m2
-0.13618423636945454,0.7978967283762718,ZDT,True,mutation_prob_04,ZDT6,18,ok,ZDT6_n20_m2
-0.10122012022519304,0.4421353163949141,ZDT,True,mutation_prob_04,ZDT6,19,ok,ZDT6_n20_m2
0.08732889007780095,-0.21990775903700654,ZDT,True,crossover_eta_01,ZDT6,10,ok,ZDT6_n20_m2
0.0611121632838867,-0.162100969715404,ZDT,True,crossover_eta_01,ZDT6,11,ok,ZDT6_n20_m2
0.0784927659720722,-0.156270219913341,ZDT,True,crossover_eta_01,ZDT6,12,ok,ZDT6_n20_m2
0.10201288678442125,-0.1858073994729425,ZDT,True,crossover_eta_01,ZDT6,13,ok,ZDT6_n20_m2
-0.08469736921605028,0.10801244401951907,ZDT,True,crossover_eta_01,ZDT6,14,ok,ZDT6_n20_m2
0.08079551137068378,-0.12901892643782809,ZDT,True,crossover_eta_01,ZDT6,15,ok,ZDT6_n20_m2
-0.0751471159696923,0.1436006039110453,ZDT,True,crossover_eta_01,ZDT6,16,ok,ZDT6_n20_m2
-0.004525364728724585,0.01302782280357212,ZDT,True,crossover_eta_01,ZDT6,17,ok,ZDT6_n20_m2
0.019598344563429848,-0.01732592345328604,ZDT,True,crossover_eta_01,ZDT6,18,ok,ZDT6_n20_m2
0.00930565493077179,-0.02762681498769992,ZDT,True,crossover_eta_01,ZDT6,19,ok,ZDT6_n20_m2
0.025640616009666772,-0.017160937689912614,ZDT,True,mutation_prob_01,ZDT6,10,ok,ZDT6_n30_m2
0.023445467217964144,-0.017187466867608053,ZDT,True,mutation_prob_01,ZDT6,11,ok,ZDT6_n30_m2
0.010144468332808576,-0.006656068324881109,ZDT,True,mutation_prob_01,ZDT6,12,ok,ZDT6_n30_m2
0.015468416471892843,-0.008261124799479547,ZDT,True,mutation_prob_01,ZDT6,13,ok,ZDT6_n30_m2
-0.002529616414530367,0.0025341698654663403,ZDT,True,mutation_prob_01,ZDT6,14,ok,ZDT6_n30_m2
0.015821718961592568,-0.009838559889941437,ZDT,True,mutation_prob_01,ZDT6,15,ok,ZDT6_n30_m2
0.027420228733229524,-0.021079465400473854,ZDT,True,mutation_prob_01,ZDT6,16,ok,ZDT6_n30_m2
-0.03077922729101118,0.019487749935412496,ZDT,True,mutation_prob_01,ZDT6,17,ok,ZDT6_n30_m2
0.06394944989816004,-0.045231137543452524,ZDT,True,mutation_prob_01,ZDT6,18,ok,ZDT6_n30_m2
0.013272699550848255,-0.005789815151675912,ZDT,True,mutation_prob_01,ZDT6,19,ok,ZDT6_n30_m2
-0.02795242142553145,0.017355286083103202,ZDT,True,mutation_prob_02,ZDT6,10,ok,ZDT6_n30_m2
-0.0884523195220871,0.06148520169078199,ZDT,True,mutation_prob_02,ZDT6,11,ok,ZDT6_n30_m2
-0.10286412845433734,0.07206355668284106,ZDT,True,mutation_prob_02,ZDT6,12,ok,ZDT6_n30_m2
-0.05981822017950189,0.040616303211674656,ZDT,True,mutation_prob_02,ZDT6,13,ok,ZDT6_n30_m2
-0.09713847925948876,0.060224215633337644,ZDT,True,mutation_prob_02,ZDT6,14,ok,ZDT6_n30_m2
0.008545284918266172,-0.005790076606318056,ZDT,True,mutation_prob_02,ZDT6,15,ok,ZDT6_n30_m2
-0.06213908221363673,0.04052007899521973,ZDT,True,mutation_prob_02,ZDT6,16,ok,ZDT6_n30_m2
-0.08167805359715635,0.05438935945076491,ZDT,True,mutation_prob_02,ZDT6,17,ok,ZDT6_n30_m2
-0.028757433692853884,0.02010818757278901,ZDT,True,mutation_prob_02,ZDT6,18,ok,ZDT6_n30_m2
-0.10180904245677458,0.07398336675439456,ZDT,True,mutation_prob_02,ZDT6,19,ok,ZDT6_n30_m2
-0.3208464676587198,0.4774602473081909,ZDT,True,mutation_prob_03,ZDT6,10,ok,ZDT6_n30_m2
-0.34341492775656973,0.4697246857469329,ZDT,True,mutation_prob_03,ZDT6,11,ok,ZDT6_n30_m2
-0.3412298510549866,0.42927964935865803,ZDT,True,mutation_prob_03,ZDT6,12,ok,ZDT6_n30_m2
-0.3677497560924303,0.47436462968516524,ZDT,True,mutation_prob_03,ZDT6,13,ok,ZDT6_n30_m2
-0.37848264679474747,0.46139565765259455,ZDT,True,mutation_prob_03,ZDT6,14,ok,ZDT6_n30_m2
-0.2670487977712049,0.3423075702083447,ZDT,True,mutation_prob_03,ZDT6,15,ok,ZDT6_n30_m2
-0.2811884752642398,0.30457076065686145,ZDT,True,mutation_prob_03,ZDT6,16,ok,ZDT6_n30_m2
-0.33154676464946276,0.34480507063296245,ZDT,True,mutation_prob_03,ZDT6,17,ok,ZDT6_n30_m2
-0.3205333126390781,0.5262914083115664,ZDT,True,mutation_prob_03,ZDT6,18,ok,ZDT6_n30_m2
-0.31990880115282816,0.3803312665400092,ZDT,True,mutation_prob_03,ZDT6,19,ok,ZDT6_n30_m2
-0.3298066909046154,0.9621578970235125,ZDT,True,mutation_prob_04,ZDT6,10,ok,ZDT6_n30_m2
-0.3557779074500649,1.0832073391950978,ZDT,True,mutation_prob_04,ZDT6,11,ok,ZDT6_n30_m2
-0.3641140610227959,1.3367317470001847,ZDT,True,mutation_prob_04,ZDT6,12,ok,ZDT6_n30_m2
-0.38255348473302786,1.0123990369059745,ZDT,True,mutation_prob_04,ZDT6,13,ok,ZDT6_n30_m2
-0.3907974479100088,0.9391345855038026,ZDT,True,mutation_prob_04,ZDT6,14,ok,ZDT6_n30_m2
-0.29304858067319034,1.113161783480524,ZDT,True,mutation_prob_04,ZDT6,15,ok,ZDT6_n30_m2
-0.33036076936533865,0.9789472015163586,ZDT,True,mutation_prob_04,ZDT6,16,ok,ZDT6_n30_m2
-0.38077454713697306,0.9492446873024293,ZDT,True,mutation_prob_04,ZDT6,17,ok,ZDT6_n30_m2
-0.3205333126390781,1.0167614286111903,ZDT,True,mutation_prob_04,ZDT6,18,ok,ZDT6_n30_m2
-0.3531163022269221,1.088730817650597,ZDT,True,mutation_prob_04,ZDT6,19,ok,ZDT6_n30_m2
0.018917973417618417,-0.010392380897615253,ZDT,True,crossover_eta_01,ZDT6,10,ok,ZDT6_n30_m2
0.048929805581637564,-0.03216632372371329,ZDT,True,crossover_eta_01,ZDT6,11,ok,ZDT6_n30_m2
0.04461142453198541,-0.028443101785971668,ZDT,True,crossover_eta_01,ZDT6,12,ok,ZDT6_n30_m2
0.019967648995808607,-0.010915737911995148,ZDT,True,crossover_eta_01,ZDT6,13,ok,ZDT6_n30_m2
0.02553383336799503,-0.014795542729566284,ZDT,True,crossover_eta_01,ZDT6,14,ok,ZDT6_n30_m2
0.12123908714408799,-0.08110965969829989,ZDT,True,crossover_eta_01,ZDT6,15,ok,ZDT6_n30_m2
0.055939700897232436,-0.03885086329591578,ZDT,True,crossover_eta_01,ZDT6,16,ok,ZDT6_n30_m2
0.022530421790007304,-0.015024554308507042,ZDT,True,crossover_eta_01,ZDT6,17,ok,ZDT6_n30_m2
0.0482768529881879,-0.033774841704912115,ZDT,True,crossover_eta_01,ZDT6,18,ok,ZDT6_n30_m2
0.06643520152415683,-0.03892199672419033,ZDT,True,crossover_eta_01,ZDT6,19,ok,ZDT6_n30_m2
0.048723446685991045,-0.013060013327751863,DTLZ,True,mutation_prob_03,DTLZ2,10,ok,DTLZ2_n10_m3
-0.007863541853905864,0.0043526405409641394,DTLZ,True,mutation_prob_03,DTLZ2,11,ok,DTLZ2_n10_m3
-0.00744399292477077,0.0099528107434632,DTLZ,True,mutation_prob_03,DTLZ2,12,ok,DTLZ2_n10_m3
0.04011221865892661,-0.022186999615851577,DTLZ,True,mutation_prob_03,DTLZ2,13,ok,DTLZ2_n10_m3
-0.004681424343473128,0.010191609805640794,DTLZ,True,mutation_prob_03,DTLZ2,14,ok,DTLZ2_n10_m3
-0.007780096974157269,-0.00514903759262271,DTLZ,True,mutation_prob_03,DTLZ2,15,ok,DTLZ2_n10_m3
-0.017513434184124377,0.0011535303760236426,DTLZ,True,mutation_prob_03,DTLZ2,16,ok,DTLZ2_n10_m3
-0.0212892486934933,0.008732188567595056,DTLZ,True,mutation_prob_03,DTLZ2,17,ok,DTLZ2_n10_m3
-0.01704741846343749,0.00343054837969034,DTLZ,True,mutation_prob_03,DTLZ2,18,ok,DTLZ2_n10_m3
-0.014886171831169859,0.005933085836578894,DTLZ,True,mutation_prob_03,DTLZ2,19,ok,DTLZ2_n10_m3
-0.002471839536752951,-0.0040697430971577825,DTLZ,True,mutation_prob_04,DTLZ2,10,ok,DTLZ2_n10_m3
-0.03089082691013001,-0.0008436917900234014,DTLZ,True,mutation_prob_04,DTLZ2,11,ok,DTLZ2_n10_m3
-0.028327330882174817,0.020185955068352926,DTLZ,True,mutation_prob_04,DTLZ2,12,ok,DTLZ2_n10_m3
-0.0032151813827300812,0.001785974222426323,DTLZ,True,mutation_prob_04,DTLZ2,13,ok,DTLZ2_n10_m3
-0.07758962085967513,0.03927188873460956,DTLZ,True,mutation_prob_04,DTLZ2,14,ok,DTLZ2_n10_m3
-0.011977411171153418,0.003343062751758788,DTLZ,True,mutation_prob_04,DTLZ2,15,ok,DTLZ2_n10_m3
-0.048327085868353825,0.020112212854142775,DTLZ,True,mutation_prob_04,DTLZ2,16,ok,DTLZ2_n10_m3
-0.04683631562058327,0.021717830658508533,DTLZ,True,mutation_prob_04,DTLZ2,17,ok,DTLZ2_n10_m3
-0.04726202200722085,0.014447709902342537,DTLZ,True,mutation_prob_04,DTLZ2,18,ok,DTLZ2_n10_m3
-0.05021611026152323,0.027311300054165336,DTLZ,True,mutation_prob_04,DTLZ2,19,ok,DTLZ2_n10_m3
0.01134938034263111,-0.006171321840333019,DTLZ,True,mutation_eta_01,DTLZ2,10,ok,DTLZ2_n10_m3
-0.05940712508319784,0.007916074892917027,DTLZ,True,mutation_eta_01,DTLZ2,11,ok,DTLZ2_n10_m3
-0.04626726902023992,0.029929008087717382,DTLZ,True,mutation_eta_01,DTLZ2,12,ok,DTLZ2_n10_m3
0.02649583065887734,-0.008998651063828453,DTLZ,True,mutation_eta_01,DTLZ2,13,ok,DTLZ2_n10_m3
-0.05337434633184601,0.024338192689066868,DTLZ,True,mutation_eta_01,DTLZ2,14,ok,DTLZ2_n10_m3
-0.016587346830589322,-0.002283909255276703,DTLZ,True,mutation_eta_01,DTLZ2,15,ok,DTLZ2_n10_m3
-0.04093786943162414,0.008882628209169727,DTLZ,True,mutation_eta_01,DTLZ2,16,ok,DTLZ2_n10_m3
-0.03250395843235476,0.00822701661603796,DTLZ,True,mutation_eta_01,DTLZ2,17,ok,DTLZ2_n10_m3
0.003472362280510788,-0.0041836222184527955,DTLZ,True,mutation_eta_01,DTLZ2,18,ok,DTLZ2_n10_m3
-0.019176675665942777,0.014002320357050957,DTLZ,True,mutation_eta_01,DTLZ2,19,ok,DTLZ2_n10_m3
0.018561428911493705,-0.007571902452194065,DTLZ,True,mutation_eta_02,DTLZ2,10,ok,DTLZ2_n10_m3
-0.02079201181222995,-0.005328670865791682,DTLZ,True,mutation_eta_02,DTLZ2,11,ok,DTLZ2_n10_m3
0.00795268181552572,-0.004115538530157628,DTLZ,True,mutation_eta_02,DTLZ2,12,ok,DTLZ2_n10_m3
0.03407701132564889,-0.012518644118626965,DTLZ,True,mutation_eta_02,DTLZ2,13,ok,DTLZ2_n10_m3
-0.03506903917498971,0.017096153649069412,DTLZ,True,mutation_eta_02,DTLZ2,14,ok,DTLZ2_n10_m3
-0.027690694057020848,-0.0011681552488202462,DTLZ,True,mutation_eta_02,DTLZ2,15,ok,DTLZ2_n10_m3
-0.033163061402311955,0.005044917811035568,DTLZ,True,mutation_eta_02,DTLZ2,16,ok,DTLZ2_n10_m3
-0.018013852673254227,0.0035719237537499837,DTLZ,True,mutation_eta_02,DTLZ2,17,ok,DTLZ2_n10_m3
0.0040901118545068615,0.011561599936876624,DTLZ,True,mutation_eta_02,DTLZ2,18,ok,DTLZ2_n10_m3
-0.019417150551909734,0.0054072260174813785,DTLZ,True,mutation_eta_02,DTLZ2,19,ok,DTLZ2_n10_m3
-0.01648639626614018,0.011693490494293319,DTLZ,True,mutation_eta_01,DTLZ2,10,ok,DTLZ2_n12_m2
-0.022607714513746546,0.013534766698493593,DTLZ,True,mutation_eta_01,DTLZ2,11,ok,DTLZ2_n12_m2
-0.00532973969881928,0.002513794954924889,DTLZ,True,mutation_eta_01,DTLZ2,12,ok,DTLZ2_n12_m2
-0.011486206729135695,0.009831141857488375,DTLZ,True,mutation_eta_01,DTLZ2,13,ok,DTLZ2_n12_m2
-0.006792154706396436,0.0023538897237288837,DTLZ,True,mutation_eta_01,DTLZ2,14,ok,DTLZ2_n12_m2
-0.013651309543894097,0.013487868555073213,DTLZ,True,mutation_eta_01,DTLZ2,15,ok,DTLZ2_n12_m2
-0.0017012768908329923,0.0007127275211948857,DTLZ,True,mutation_eta_01,DTLZ2,16,ok,DTLZ2_n12_m2
-0.010548648856736398,0.00876365591068555,DTLZ,True,mutation_eta_01,DTLZ2,17,ok,DTLZ2_n12_m2
-0.005698329480943676,0.0030968401228648086,DTLZ,True,mutation_eta_01,DTLZ2,18,ok,DTLZ2_n12_m2
-0.009837161066699185,0.008139033496096959,DTLZ,True,mutation_eta_01,DTLZ2,19,ok,DTLZ2_n12_m2
