baseline_hv,baseline_igd,config_hash,delta_hv,function_evaluations_equal,intervention_hv,intervention_id,intervention_igd,seed,task_id
0.05146257574831607,0.8594289257847705,14d932d4a73c,0.10328915908656768,True,0.15475173483488375,mutation_prob_01,0.6994527825438569,0,ZDT1_n10_m2
0.0,1.3625787876461397,14d932d4a73c,0.0961509183618734,True,0.0961509183618734,mutation_prob_01,0.7881168460646091,1,ZDT1_n10_m2
0.18004544384863397,0.5841344742545735,14d932d4a73c,-0.11077133688241012,True,0.06927410696622385,mutation_prob_01,0.8066420114782034,2,ZDT1_n10_m2
0.05146257574831607,0.8594289257847705,ebdd706297f7,0.0,True,0.05146257574831607,mutation_prob_02,0.8594289257847705,0,ZDT1_n10_m2
0.0,1.3625787876461397,ebdd706297f7,0.0,True,0.0,mutation_prob_02,1.3625787876461397,1,ZDT1_n10_m2
0.18004544384863397,0.5841344742545735,ebdd706297f7,0.0,True,0.18004544384863397,mutation_prob_02,0.5841344742545735,2,ZDT1_n10_m2
0.05146257574831607,0.8594289257847705,bcd6c2249584,-0.05146257574831607,True,0.0,mutation_prob_03,1.574542491067707,0,ZDT1_n10_m2
0.0,1.3625787876461397,bcd6c2249584,0.0,True,0.0,mutation_prob_03,1.2592169653133871,1,ZDT1_n10_m2
0.18004544384863397,0.5841344742545735,bcd6c2249584,-0.10698534735126188,True,0.07306009649737209,mutation_prob_03,0.8058225037014484,2,ZDT1_n10_m2
0.05146257574831607,0.8594289257847705,3026e3f22cc7,-0.05146257574831607,True,0.0,mutation_prob_04,1.1144496511584392,0,ZDT1_n10_m2
0.0,1.3625787876461397,3026e3f22cc7,0.0,True,0.0,mutation_prob_04,1.074874838305763,1,ZDT1_n10_m2
0.18004544384863397,0.5841344742545735,3026e3f22cc7,-0.01114626866273799,True,0.16889917518589598,mutation_prob_04,0.624667228724831,2,ZDT1_n10_m2
0.05146257574831607,0.8594289257847705,138152ee0c3b,0.041281358538914334,True,0.0927439342872304,mutation_prob_05,0.784070661026592,0,ZDT1_n10_m2
0.0,1.3625787876461397,138152ee0c3b,0.03210261132794585,True,0.03210261132794585,mutation_prob_05,0.8987202515772257,1,ZDT1_n10_m2
0.18004544384863397,0.5841344742545735,138152ee0c3b,-0.049215451473852506,True,0.13082999237478146,mutation_prob_05,0.6839349718456688,2,ZDT1_n10_m2
0.05146257574831607,0.8594289257847705,f864ba39958c,0.027853111600983305,True,0.07931568734929938,mutation_eta_01,0.8277679384347537,0,ZDT1_n10_m2
0.0,1.3625787876461397,f864ba39958c,0.0,True,0.0,mutation_eta_01,1.3408664979295117,1,ZDT1_n10_m2
0.18004544384863397,0.5841344742545735,f864ba39958c,0.12222123587978928,True,0.30226667972842325,mutation_eta_01,0.47740065230077655,2,ZDT1_n10_m2
0.05146257574831607,0.8594289257847705,9fc9c8479b98,-0.05146257574831607,True,0.0,mutation_eta_02,0.9822874542986813,0,ZDT1_n10_m2
0.0,1.3625787876461397,9fc9c8479b98,0.0,True,0.0,mutation_eta_02,1.3870090283003917,1,ZDT1_n10_m2
0.18004544384863397,0.5841344742545735,9fc9c8479b98,0.10466329255749568,True,0.28470873640612965,mutation_eta_02,0.49028158960037177,2,ZDT1_n10_m2
0.05146257574831607,0.8594289257847705,ee03bdc04991,0.0,True,0.05146257574831607,mutation_eta_03,0.8594289257847705,0,ZDT1_n10_m2
0.0,1.3625787876461397,ee03bdc04991,0.0,True,0.0,mutation_eta_03,1.3625787876461397,1,ZDT1_n10_m2
0.18004544384863397,0.5841344742545735,ee03bdc04991,0.0,True,0.18004544384863397,mutation_eta_03,0.5841344742545735,2,ZDT1_n10_m2
0.0,1.456529889776159,e57a1b3276f5,0.0,True,0.0,mutation_prob_01,1.456529889776159,0,ZDT1_n20_m2
0.0,1.496635069279482,e57a1b3276f5,0.0,True,0.0,mutation_prob_01,1.496635069279482,1,ZDT1_n20_m2
0.0,1.1213684523238867,e57a1b3276f5,0.0,True,0.0,mutation_prob_01,1.1213684523238867,2,ZDT1_n20_m2
0.0,1.456529889776159,57d86ecba86b,0.0,True,0.0,mutation_prob_02,1.0590367851278704,0,ZDT1_n20_m2
0.0,1.496635069279482,57d86ecba86b,0.0,True,0.0,mutation_prob_02,1.0693020985384825,1,ZDT1_n20_m2
0.0,1.1213684523238867,57d86ecba86b,0.0,True,0.0,mutation_prob_02,1.3586301550378612,2,ZDT1_n20_m2
0.0,1.456529889776159,e05f0e313938,0.0,True,0.0,mutation_prob_03,1.0288100057559595,0,ZDT1_n20_m2
0.0,1.496635069279482,e05f0e313938,0.0,True,0.0,mutation_prob_03,1.2613831717926904,1,ZDT1_n20_m2
0.0,1.1213684523238867,e05f0e313938,0.0,True,0.0,mutation_prob_03,0.9991678937889552,2,ZDT1_n20_m2
0.0,1.456529889776159,b79dbe0c63e0,0.014558319685575855,True,0.014558319685575855,mutation_prob_04,0.9074631995544535,0,ZDT1_n20_m2
0.0,1.496635069279482,b79dbe0c63e0,0.0,True,0.0,mutation_prob_04,1.3038411900421927,1,ZDT1_n20_m2
0.0,1.1213684523238867,b79dbe0c63e0,0.0,True,0.0,mutation_prob_04,1.3911880950474274,2,ZDT1_n20_m2
0.0,1.456529889776159,9f4825f915fe,0.0,True,0.0,mutation_prob_05,1.2848954978264935,0,ZDT1_n20_m2
0.0,1.496635069279482,9f4825f915fe,0.0,True,0.0,mutation_prob_05,1.4921053849120265,1,ZDT1_n20_m2
0.0,1.1213684523238867,9f4825f915fe,0.0181938242654058,True,0.0181938242654058,mutation_prob_05,0.8956912240591677,2,ZDT1_n20_m2
0.0,1.456529889776159,0750846b78ad,0.0,True,0.0,mutation_eta_01,1.3729165452482912,0,ZDT1_n20_m2
0.0,1.496635069279482,0750846b78ad,0.0,True,0.0,mutation_eta_01,1.531263095005123,1,ZDT1_n20_m2
0.0,1.1213684523238867,0750846b78ad,0.0,True,0.0,mutation_eta_01,1.130699575486057,2,ZDT1_n20_m2
0.0,1.456529889776159,5854151a6efe,0.0,True,0.0,mutation_eta_02,1.3718289316301573,0,ZDT1_n20_m2
0.0,1.496635069279482,5854151a6efe,0.0,True,0.0,mutation_eta_02,1.5539784872382527,1,ZDT1_n20_m2
0.0,1.1213684523238867,5854151a6efe,0.0,True,0.0,mutation_eta_02,1.2138693169983183,2,ZDT1_n20_m2
0.0,1.456529889776159,68d57c40b6cf,0.0,True,0.0,mutation_eta_03,1.456529889776159,0,ZDT1_n20_m2
0.0,1.496635069279482,68d57c40b6cf,0.0,True,0.0,mutation_eta_03,1.496635069279482,1,ZDT1_n20_m2
0.0,1.1213684523238867,68d57c40b6cf,0.0,True,0.0,mutation_eta_03,1.1213684523238867,2,ZDT1_n20_m2
0.0,1.4450683822812553,9dcb68d97cf5,0.0,True,0.0,mutation_prob_01,1.4533401607836205,0,ZDT2_n10_m2
0.0,1.7271372032815395,9dcb68d97cf5,0.0,True,0.0,mutation_prob_01,1.4581176043692168,1,ZDT2_n10_m2
0.0,1.3365552371849474,9dcb68d97cf5,0.0,True,0.0,mutation_prob_01,1.3597490807200068,2,ZDT2_n10_m2
0.0,1.4450683822812553,f3d5cbfcb66b,0.0,True,0.0,mutation_prob_02,1.4450683822812553,0,ZDT2_n10_m2
0.0,1.7271372032815395,f3d5cbfcb66b,0.0,True,0.0,mutation_prob_02,1.7271372032815395,1,ZDT2_n10_m2
0.0,1.3365552371849474,f3d5cbfcb66b,0.0,True,0.0,mutation_prob_02,1.3365552371849474,2,ZDT2_n10_m2
0.0,1.4450683822812553,050412a203e9,0.0,True,0.0,mutation_prob_03,1.2369823989009252,0,ZDT2_n10_m2
0.0,1.7271372032815395,050412a203e9,0.0,True,0.0,mutation_prob_03,1.3962286997340256,1,ZDT2_n10_m2
0.0,1.3365552371849474,050412a203e9,0.0,True,0.0,mutation_prob_03,1.4150866236221122,2,ZDT2_n10_m2
0.0,1.4450683822812553,429dc9e2cc1a,0.0,True,0.0,mutation_prob_04,1.2724713567033363,0,ZDT2_n10_m2
0.0,1.7271372032815395,429dc9e2cc1a,0.0,True,0.0,mutation_prob_04,1.2278017198723656,1,ZDT2_n10_m2
0.0,1.3365552371849474,429dc9e2cc1a,0.0,True,0.0,mutation_prob_04,1.2399835993362358,2,ZDT2_n10_m2
0.0,1.4450683822812553,3c940901432f,0.0,True,0.0,mutation_prob_05,1.3359811743751528,0,ZDT2_n10_m2
0.0,1.7271372032815395,3c940901432f,0.0,True,0.0,mutation_prob_05,1.8501470376665254,1,ZDT2_n10_m2
0.0,1.3365552371849474,3c940901432f,0.0,True,0.0,mutation_prob_05,1.4479810837871108,2,ZDT2_n10_m2
0.0,1.4450683822812553,22a085798c47,0.0,True,0.0,mutation_eta_01,1.2407565468182171,0,ZDT2_n10_m2
0.0,1.7271372032815395,22a085798c47,0.0,True,0.0,mutation_eta_01,2.0115373227674467,1,ZDT2_n10_m2
0.0,1.3365552371849474,22a085798c47,0.0,True,0.0,mutation_eta_01,1.5580128715171717,2,ZDT2_n10_m2
0.0,1.4450683822812553,916dc5e2693d,0.0,True,0.0,mutation_eta_02,1.1862159639423575,0,ZDT2_n10_m2
0.0,1.7271372032815395,916dc5e2693d,0.0,True,0.0,mutation_eta_02,1.3311160911374864,1,ZDT2_n10_m2
0.0,1.3365552371849474,916dc5e2693d,0.0,True,0.0,mutation_eta_02,0.975940511364391,2,ZDT2_n10_m2
0.0,1.4450683822812553,5fcf59459ffe,0.0,True,0.0,mutation_eta_03,1.4450683822812553,0,ZDT2_n10_m2
0.0,1.7271372032815395,5fcf59459ffe,0.0,True,0.0,mutation_eta_03,1.7271372032815395,1,ZDT2_n10_m2
0.0,1.3365552371849474,5fcf59459ffe,0.0,True,0.0,mutation_eta_03,1.3365552371849474,2,ZDT2_n10_m2
0.3532337236231692,0.7492346100862889,2d19bc753350,0.0,True,0.3532337236231692,mutation_prob_01,0.7492346100862889,0,ZDT3_n20_m2
0.045834690716039586,1.1532429858791522,2d19bc753350,0.0,True,0.045834690716039586,mutation_prob_01,1.1532429858791522,1,ZDT3_n20_m2
0.010258548491443484,1.2386192107633176,2d19bc753350,0.0,True,0.010258548491443484,mutation_prob_01,1.2386192107633176,2,ZDT3_n20_m2
0.3532337236231692,0.7492346100862889,1f370a273810,-0.23653684029117797,True,0.11669688333199121,mutation_prob_02,1.0702064784087348,0,ZDT3_n20_m2
0.045834690716039586,1.1532429858791522,1f370a273810,0.17895279824946853,True,0.22478748896550813,mutation_prob_02,0.9217283934497391,1,ZDT3_n20_m2
0.010258548491443484,1.2386192107633176,1f370a273810,-0.010258548491443484,True,0.0,mutation_prob_02,1.5355910470480767,2,ZDT3_n20_m2
0.3532337236231692,0.7492346100862889,bd1f90a2ecb0,-0.08419639028376319,True,0.269037333339406,mutation_prob_03,0.8968998313230763,0,ZDT3_n20_m2
0.045834690716039586,1.1532429858791522,bd1f90a2ecb0,-0.045834690716039586,True,0.0,mutation_prob_03,1.2196071323643496,1,ZDT3_n20_m2
0.010258548491443484,1.2386192107633176,bd1f90a2ecb0,-0.010258548491443484,True,0.0,mutation_prob_03,1.6934856143497914,2,ZDT3_n20_m2
0.3532337236231692,0.7492346100862889,eeccc3b75586,-0.33754177688101883,True,0.01569194674215034,mutation_prob_04,1.286660661580765,0,ZDT3_n20_m2
0.045834690716039586,1.1532429858791522,eeccc3b75586,0.16219352740696885,True,0.20802821812300842,mutation_prob_04,0.9427948992844895,1,ZDT3_n20_m2
0.010258548491443484,1.2386192107633176,eeccc3b75586,-0.010258548491443484,True,0.0,mutation_prob_04,1.5816356638169624,2,ZDT3_n20_m2
0.3532337236231692,0.7492346100862889,99a398b72a25,-0.3522114034889845,True,0.0010223201341846698,mutation_prob_05,1.2393017868602783,0,ZDT3_n20_m2
0.045834690716039586,1.1532429858791522,99a398b72a25,-0.02263095780174381,True,0.023203732914295776,mutation_prob_05,1.2230699406906058,1,ZDT3_n20_m2
0.010258548491443484,1.2386192107633176,99a398b72a25,-0.010258548491443484,True,0.0,mutation_prob_05,1.558988083569321,2,ZDT3_n20_m2
0.3532337236231692,0.7492346100862889,8344d10226f6,-0.04090359730229931,True,0.31233012632086987,mutation_eta_01,0.7136086697031884,0,ZDT3_n20_m2
0.045834690716039586,1.1532429858791522,8344d10226f6,-0.045834690716039586,True,0.0,mutation_eta_01,1.4841465778984257,1,ZDT3_n20_m2
0.010258548491443484,1.2386192107633176,8344d10226f6,-0.010258548491443484,True,0.0,mutation_eta_01,1.3600593194612682,2,ZDT3_n20_m2
0.3532337236231692,0.7492346100862889,3c0d011f9c8a,-0.12751369558945064,True,0.22572002803371854,mutation_eta_02,0.821548979839053,0,ZDT3_n20_m2
0.045834690716039586,1.1532429858791522,3c0d011f9c8a,-0.045834690716039586,True,0.0,mutation_eta_02,1.5163124068310525,1,ZDT3_n20_m2
0.010258548491443484,1.2386192107633176,3c0d011f9c8a,0.014601440470553577,True,0.02485998896199706,mutation_eta_02,1.2155021558084111,2,ZDT3_n20_m2
0.3532337236231692,0.7492346100862889,351f5420b878,0.0,True,0.3532337236231692,mutation_eta_03,0.7492346100862889,0,ZDT3_n20_m2
0.045834690716039586,1.1532429858791522,351f5420b878,0.0,True,0.045834690716039586,mutation_eta_03,1.1532429858791522,1,ZDT3_n20_m2
0.010258548491443484,1.2386192107633176,351f5420b878,0.0,True,0.010258548491443484,mutation_eta_03,1.2386192107633176,2,ZDT3_n20_m2
0.0,76.91115556627763,9a890a230386,0.0,True,0.0,mutation_prob_01,75.9492772551203,0,ZDT4_n10_m2
0.0,75.18552127852624,9a890a230386,0.0,True,0.0,mutation_prob_01,65.73555803425366,1,ZDT4_n10_m2
0.0,85.98389760116807,9a890a230386,0.0,True,0.0,mutation_prob_01,65.14426410064387,2,ZDT4_n10_m2
0.0,76.91115556627763,e9a3fb1d9cee,0.0,True,0.0,mutation_prob_02,76.91115556627763,0,ZDT4_n10_m2
0.0,75.18552127852624,e9a3fb1d9cee,0.0,True,0.0,mutation_prob_02,75.18552127852624,1,ZDT4_n10_m2
0.0,85.98389760116807,e9a3fb1d9cee,0.0,True,0.0,mutation_prob_02,85.98389760116807,2,ZDT4_n10_m2
0.0,76.91115556627763,24a9f06cc6b8,0.0,True,0.0,mutation_prob_03,85.76231451874,0,ZDT4_n10_m2
0.0,75.18552127852624,24a9f06cc6b8,0.0,True,0.0,mutation_prob_03,81.33809944969012,1,ZDT4_n10_m2
0.0,85.98389760116807,24a9f06cc6b8,0.0,True,0.0,mutation_prob_03,49.6226722738709,2,ZDT4_n10_m2
0.0,76.91115556627763,042108b3c258,0.0,True,0.0,mutation_prob_04,70.55375458611076,0,ZDT4_n10_m2
0.0,75.18552127852624,042108b3c258,0.0,True,0.0,mutation_prob_04,57.10441794898053,1,ZDT4_n10_m2
0.0,85.98389760116807,042108b3c258,0.0,True,0.0,mutation_prob_04,58.158945423433785,2,ZDT4_n10_m2
0.0,76.91115556627763,2c0a6c4a610c,0.0,True,0.0,mutation_prob_05,90.76458418869481,0,ZDT4_n10_m2
0.0,75.18552127852624,2c0a6c4a610c,0.0,True,0.0,mutation_prob_05,76.39079857824312,1,ZDT4_n10_m2
0.0,85.98389760116807,2c0a6c4a610c,0.0,True,0.0,mutation_prob_05,65.42157464625262,2,ZDT4_n10_m2
0.0,76.91115556627763,cc475d352fc4,0.0,True,0.0,mutation_eta_01,78.34986365294873,0,ZDT4_n10_m2
0.0,75.18552127852624,cc475d352fc4,0.0,True,0.0,mutation_eta_01,67.78034766097218,1,ZDT4_n10_m2
0.0,85.98389760116807,cc475d352fc4,0.0,True,0.0,mutation_eta_01,86.90247489297617,2,ZDT4_n10_m2
0.0,76.91115556627763,4b99371b4224,0.0,True,0.0,mutation_eta_02,68.53864067192958,0,ZDT4_n10_m2
0.0,75.18552127852624,4b99371b4224,0.0,True,0.0,mutation_eta_02,75.1418274963399,1,ZDT4_n10_m2
0.0,85.98389760116807,4b99371b4224,0.0,True,0.0,mutation_eta_02,58.8847085408474,2,ZDT4_n10_m2
0.0,76.91115556627763,e7246f66c637,0.0,True,0.0,mutation_eta_03,76.91115556627763,0,ZDT4_n10_m2
0.0,75.18552127852624,e7246f66c637,0.0,True,0.0,mutation_eta_03,75.18552127852624,1,ZDT4_n10_m2
0.0,85.98389760116807,e7246f66c637,0.0,True,0.0,mutation_eta_03,85.98389760116807,2,ZDT4_n10_m2
0.0,6.027611490114145,48be39a39bbf,0.0,True,0.0,mutation_prob_01,6.027611490114145,0,ZDT6_n20_m2
0.0,5.823827026217508,48be39a39bbf,0.0,True,0.0,mutation_prob_01,5.823827026217508,1,ZDT6_n20_m2
0.0,5.848644144098178,48be39a39bbf,0.0,True,0.0,mutation_prob_01,5.848644144098178,2,ZDT6_n20_m2
0.0,6.027611490114145,bada0dff1c68,0.0,True,0.0,mutation_prob_02,5.926603402926882,0,ZDT6_n20_m2
0.0,5.823827026217508,bada0dff1c68,0.0,True,0.0,mutation_prob_02,5.981234337566951,1,ZDT6_n20_m2
0.0,5.848644144098178,bada0dff1c68,0.0,True,0.0,mutation_prob_02,6.319843750125007,2,ZDT6_n20_m2
0.0,6.027611490114145,cf237c408942,0.0,True,0.0,mutation_prob_03,6.249422652121379,0,ZDT6_n20_m2
0.0,5.823827026217508,cf237c408942,0.0,True,0.0,mutation_prob_03,5.989485728131319,1,ZDT6_n20_m2
0.0,5.848644144098178,cf237c408942,0.0,True,0.0,mutation_prob_03,6.212584934663934,2,ZDT6_n20_m2
0.0,6.027611490114145,dc97e8130581,0.0,True,0.0,mutation_prob_04,6.27456769303755,0,ZDT6_n20_m2
0.0,5.823827026217508,dc97e8130581,0.0,True,0.0,mutation_prob_04,6.190967245136609,1,ZDT6_n20_m2
0.0,5.848644144098178,dc97e8130581,0.0,True,0.0,mutation_prob_04,6.005057339957707,2,ZDT6_n20_m2
0.0,6.027611490114145,40949f468a7d,0.0,True,0.0,mutation_prob_05,6.394592252809092,0,ZDT6_n20_m2
0.0,5.823827026217508,40949f468a7d,0.0,True,0.0,mutation_prob_05,6.2080347393375375,1,ZDT6_n20_m2
0.0,5.848644144098178,40949f468a7d,0.0,True,0.0,mutation_prob_05,5.9521201411497096,2,ZDT6_n20_m2
0.0,6.027611490114145,324e66a7f83a,0.0,True,0.0,mutation_eta_01,5.585545135017435,0,ZDT6_n20_m2
0.0,5.823827026217508,324e66a7f83a,0.0,True,0.0,mutation_eta_01,6.419961502570689,1,ZDT6_n20_m2
0.0,5.848644144098178,324e66a7f83a,0.0,True,0.0,mutation_eta_01,6.610219664608781,2,ZDT6_n20_m2
0.0,6.027611490114145,a8186ef2e733,0.0,True,0.0,mutation_eta_02,6.315781260975809,0,ZDT6_n20_m2
0.0,5.823827026217508,a8186ef2e733,0.0,True,0.0,mutation_eta_02,6.130084404546721,1,ZDT6_n20_m2
0.0,5.848644144098178,a8186ef2e733,0.0,True,0.0,mutation_eta_02,6.065181667329418,2,ZDT6_n20_m2
0.0,6.027611490114145,a366cb7e5ee6,0.0,True,0.0,mutation_eta_03,6.027611490114145,0,ZDT6_n20_m2
0.0,5.823827026217508,a366cb7e5ee6,0.0,True,0.0,mutation_eta_03,5.823827026217508,1,ZDT6_n20_m2
0.0,5.848644144098178,a366cb7e5ee6,0.0,True,0.0,mutation_eta_03,5.848644144098178,2,ZDT6_n20_m2
0.0,43.45563781344073,ac534b898f3f,0.0,True,0.0,mutation_prob_01,56.803227007082135,0,DTLZ1_n7_m3
0.0,76.00910258598785,ac534b898f3f,0.0,True,0.0,mutation_prob_01,35.98673773626226,1,DTLZ1_n7_m3
0.0,50.57755238388916,ac534b898f3f,0.0,True,0.0,mutation_prob_01,59.23235128674199,2,DTLZ1_n7_m3
0.0,43.45563781344073,0ee7db17b680,0.0,True,0.0,mutation_prob_02,53.63886056405861,0,DTLZ1_n7_m3
0.0,76.00910258598785,0ee7db17b680,0.0,True,0.0,mutation_prob_02,48.18209987247722,1,DTLZ1_n7_m3
0.0,50.57755238388916,0ee7db17b680,0.0,True,0.0,mutation_prob_02,46.10952178474023,2,DTLZ1_n7_m3
0.0,43.45563781344073,97a32b765499,0.0,True,0.0,mutation_prob_03,58.89049635821982,0,DTLZ1_n7_m3
0.0,76.00910258598785,97a32b765499,0.0,True,0.0,mutation_prob_03,20.416148266449916,1,DTLZ1_n7_m3
0.0,50.57755238388916,97a32b765499,0.0,True,0.0,mutation_prob_03,52.659108794914395,2,DTLZ1_n7_m3
0.0,43.45563781344073,99f0c49dc5cc,0.0,True,0.0,mutation_prob_04,59.20305289745509,0,DTLZ1_n7_m3
0.0,76.00910258598785,99f0c49dc5cc,0.0,True,0.0,mutation_prob_04,52.927568512598825,1,DTLZ1_n7_m3
0.0,50.57755238388916,99f0c49dc5cc,0.0,True,0.0,mutation_prob_04,29.631481803234614,2,DTLZ1_n7_m3
0.0,43.45563781344073,645df276fac8,0.0,True,0.0,mutation_prob_05,84.24082004292447,0,DTLZ1_n7_m3
0.0,76.00910258598785,645df276fac8,0.0,True,0.0,mutation_prob_05,56.066048694811705,1,DTLZ1_n7_m3
0.0,50.57755238388916,645df276fac8,0.0,True,0.0,mutation_prob_05,56.85083311952918,2,DTLZ1_n7_m3
0.0,43.45563781344073,e0dcd342f1d4,0.0,True,0.0,mutation_eta_01,30.210561033448464,0,DTLZ1_n7_m3
0.0,76.00910258598785,e0dcd342f1d4,0.0,True,0.0,mutation_eta_01,52.72544673038464,1,DTLZ1_n7_m3
0.0,50.57755238388916,e0dcd342f1d4,0.0,True,0.0,mutation_eta_01,39.66203651131871,2,DTLZ1_n7_m3
0.0,43.45563781344073,56e1fe894d94,0.0,True,0.0,mutation_eta_02,53.5126446392678,0,DTLZ1_n7_m3
0.0,76.00910258598785,56e1fe894d94,0.0,True,0.0,mutation_eta_02,37.63576823647196,1,DTLZ1_n7_m3
0.0,50.57755238388916,56e1fe894d94,0.0,True,0.0,mutation_eta_02,33.47980614151999,2,DTLZ1_n7_m3
0.0,43.45563781344073,dadcc1d08227,0.0,True,0.0,mutation_eta_03,43.45563781344073,0,DTLZ1_n7_m3
0.0,76.00910258598785,dadcc1d08227,0.0,True,0.0,mutation_eta_03,76.00910258598785,1,DTLZ1_n7_m3
0.0,50.57755238388916,dadcc1d08227,0.0,True,0.0,mutation_eta_03,50.57755238388916,2,DTLZ1_n7_m3
0.70141527880222,0.21904638790731315,95dccf2388fc,-0.16761295666065812,True,0.5338023221415619,mutation_prob_01,0.2867778875820379,0,DTLZ2_n7_m3
0.3997961850859938,0.3177067065999797,95dccf2388fc,0.04712094420091684,True,0.44691712928691063,mutation_prob_01,0.2856125419136799,1,DTLZ2_n7_m3
0.614291506505058,0.24892604950219824,95dccf2388fc,-0.08617383007672674,True,0.5281176764283313,mutation_prob_01,0.24904758136587843,2,DTLZ2_n7_m3
0.70141527880222,0.21904638790731315,a59651eeadd5,-0.14301185858122611,True,0.5584034202209939,mutation_prob_02,0.2910024414586409,0,DTLZ2_n7_m3
0.3997961850859938,0.3177067065999797,a59651eeadd5,0.10834431017322221,True,0.508140495259216,mutation_prob_02,0.25745631126688734,1,DTLZ2_n7_m3
0.614291506505058,0.24892604950219824,a59651eeadd5,-0.08933310331519784,True,0.5249584031898602,mutation_prob_02,0.2880508604017586,2,DTLZ2_n7_m3
0.70141527880222,0.21904638790731315,12749496e0bb,-0.06934199546388731,True,0.6320732833383327,mutation_prob_03,0.25865120746772025,0,DTLZ2_n7_m3
0.3997961850859938,0.3177067065999797,12749496e0bb,0.06476211845298341,True,0.4645583035389772,mutation_prob_03,0.2870822168485815,1,DTLZ2_n7_m3
0.614291506505058,0.24892604950219824,12749496e0bb,0.0013938307540278805,True,0.6156853372590859,mutation_prob_03,0.23144740200432354,2,DTLZ2_n7_m3
0.70141527880222,0.21904638790731315,24fa77d190f9,-0.1531276653766429,True,0.5482876134255771,mutation_prob_04,0.26489656148907564,0,DTLZ2_n7_m3
0.3997961850859938,0.3177067065999797,24fa77d190f9,0.1519982355021975,True,0.5517944205881913,mutation_prob_04,0.26209635875677134,1,DTLZ2_n7_m3
0.614291506505058,0.24892604950219824,24fa77d190f9,-0.1657095457292908,True,0.44858196077576723,mutation_prob_04,0.2901491983389526,2,DTLZ2_n7_m3
0.70141527880222,0.21904638790731315,3bed3b4191bb,-0.07658509944937786,True,0.6248301793528421,mutation_prob_05,0.254231590114049,0,DTLZ2_n7_m3
0.3997961850859938,0.3177067065999797,3bed3b4191bb,0.09813982069515736,True,0.49793600578115116,mutation_prob_05,0.2697988550822884,1,DTLZ2_n7_m3
0.614291506505058,0.24892604950219824,3bed3b4191bb,-0.08718626963243004,True,0.527105236872628,mutation_prob_05,0.27711257560879554,2,DTLZ2_n7_m3
0.70141527880222,0.21904638790731315,5086104d7cee,0.02943044082843249,True,0.7308457196306525,mutation_eta_01,0.20427464626375424,0,DTLZ2_n7_m3
0.3997961850859938,0.3177067065999797,5086104d7cee,0.11272458099921456,True,0.5125207660852084,mutation_eta_01,0.2706023211690667,1,DTLZ2_n7_m3
0.614291506505058,0.24892604950219824,5086104d7cee,0.004089854913880919,True,0.618381361418939,mutation_eta_01,0.24216848577980116,2,DTLZ2_n7_m3
0.70141527880222,0.21904638790731315,724a1bd0c6b3,-0.023404990015600924,True,0.6780102887866191,mutation_eta_02,0.2416016927590509,0,DTLZ2_n7_m3
0.3997961850859938,0.3177067065999797,724a1bd0c6b3,0.15697883960578696,True,0.5567750246917808,mutation_eta_02,0.2544371123671133,1,DTLZ2_n7_m3
0.614291506505058,0.24892604950219824,724a1bd0c6b3,-0.05804924670168543,True,0.5562422598033726,mutation_eta_02,0.25391341561654296,2,DTLZ2_n7_m3
0.70141527880222,0.21904638790731315,ed67f6b86db6,0.0,True,0.70141527880222,mutation_eta_03,0.21904638790731315,0,DTLZ2_n7_m3
0.3997961850859938,0.3177067065999797,ed67f6b86db6,0.0,True,0.3997961850859938,mutation_eta_03,0.3177067065999797,1,DTLZ2_n7_m3
0.614291506505058,0.24892604950219824,ed67f6b86db6,0.0,True,0.614291506505058,mutation_eta_03,0.24892604950219824,2,DTLZ2_n7_m3
