budget,category,ci95_high,ci95_low,family,igd_agreement,intervention_id,mean,mean_delta_IGD,median,n,n_obj,n_var,problem,state,std,task_id,tolerance
2000,mutation,0.022366146324971796,-0.013645432061406119,ZDT,True,mutation_prob_01,0.004253868358787383,-0.018259289790981726,-0.005712347301219278,10,2,10,ZDT1,neutral,0.030923619597831603,ZDT1_n10_m2,0.01
2000,mutation,0.040020507612178007,-0.004238943290591284,ZDT,True,mutation_prob_03,0.016066207935309107,-0.025985559911662397,0.007034336987591261,10,2,10,ZDT1,neutral,0.03907105764639375,ZDT1_n10_m2,0.01
2000,mutation,0.03586404660461131,-0.01736515576879215,ZDT,True,mutation_prob_04,0.007936200305588559,-0.014753497522864409,-0.0006493595995172852,10,2,10,ZDT1,neutral,0.04597795393620017,ZDT1_n10_m2,0.01
2000,mutation,0.027939009853511144,-0.008467053065742561,ZDT,True,mutation_prob_05,0.00732775594615499,-0.025534040584199908,-0.0074466783810634984,10,2,10,ZDT1,neutral,0.03285587576492117,ZDT1_n10_m2,0.01
2000,mutation,0.043806217597808075,0.008398695027038708,ZDT,True,mutation_eta_01,0.024146803386067915,-0.04000240495649416,0.011805171265511727,10,2,10,ZDT1,neutral,0.03126555130428662,ZDT1_n10_m2,0.01
2000,mutation,0.04580841189484365,0.008509674745563777,ZDT,True,mutation_eta_02,0.025311878984841784,-0.04082488816931918,0.014486416815223668,10,2,10,ZDT1,neutral,0.032574475880130474,ZDT1_n10_m2,0.01
2000,mutation,0.04347234039161357,0.005119916970808244,ZDT,True,mutation_eta_03,0.02214977498418297,-0.03816896958572628,0.012925295836254957,10,2,10,ZDT1,neutral,0.03366810017111915,ZDT1_n10_m2,0.01
2000,mutation,-0.003393743992440541,-0.04082770565839991,ZDT,True,mutation_eta_04,-0.018739531031793988,0.02555976292462241,-0.012482569017139789,10,2,10,ZDT1,neutral,0.03234172590565146,ZDT1_n10_m2,0.01
2000,mutation,-0.0351929246994428,-0.0891494273881546,ZDT,True,mutation_eta_05,-0.06164769637993982,0.059648095438543734,-0.05793411838474799,10,2,10,ZDT1,negative,0.04655843814899855,ZDT1_n10_m2,0.01
2000,crossover,0.006902246077014335,-0.03160013119633184,ZDT,True,crossover_prob_01,-0.012513300360442282,0.0006323531458666635,-0.013268815776464327,10,2,10,ZDT1,neutral,0.03348779051962444,ZDT1_n10_m2,0.01
2000,crossover,0.007701304824685617,-0.03523715647443498,ZDT,True,crossover_prob_02,-0.010842912266924909,0.012202532752746843,-0.0008222933772034091,10,2,10,ZDT1,neutral,0.036587902589699475,ZDT1_n10_m2,0.01
2000,crossover,0.031065598042733546,-0.013050032610265185,ZDT,True,crossover_prob_03,0.006730406987534887,-0.013805182203066849,0.0004850348648114955,10,2,10,ZDT1,neutral,0.038175238703065335,ZDT1_n10_m2,0.01
2000,crossover,0.036294878911602144,0.006563900038545661,ZDT,True,crossover_eta_01,0.020413311257511346,-0.03777360253231497,0.009152971597974235,10,2,10,ZDT1,neutral,0.025792042709578723,ZDT1_n10_m2,0.01
2000,crossover,0.023700112535609885,-0.004490551896556595,ZDT,True,crossover_eta_02,0.009265611257742135,-0.014547575958984326,0.0039491557775162,10,2,10,ZDT1,neutral,0.025362098576042803,ZDT1_n10_m2,0.01
2000,crossover,0.027372095729875527,-0.021394930582245876,ZDT,True,crossover_eta_03,0.0003400186026206953,-0.0037286411252876036,-0.004771509398484086,10,2,10,ZDT1,neutral,0.04258055142102831,ZDT1_n10_m2,0.01
2000,crossover,0.03195899107039109,-0.007514607948141067,ZDT,True,crossover_eta_04,0.011112168744732342,-0.023769263473598513,0.004273429865403244,10,2,10,ZDT1,neutral,0.03371358124416659,ZDT1_n10_m2,0.01
2000,selection,0.036209539231630554,-0.021290245579341577,ZDT,True,selection_tournament_01,0.0060465835081037755,-0.009069396040578843,0.0022410924762543694,10,2,10,ZDT1,neutral,0.050203930246881565,ZDT1_n10_m2,0.01
2000,selection,0.03617295292159001,0.00383020110873722,ZDT,True,selection_tournament_02,0.01675350245597391,-0.025838874773597715,0.004873191486731709,10,2,10,ZDT1,neutral,0.029265348412560628,ZDT1_n10_m2,0.01
2000,selection,0.04477745479600414,0.0010428043221022668,ZDT,True,selection_tournament_03,0.021349685880572476,-0.032533092209146866,0.011276431937774,10,2,10,ZDT1,neutral,0.03870049747200443,ZDT1_n10_m2,0.01
2000,mutation,0.07203430388991741,-0.0033657272077281765,ZDT,True,mutation_prob_02,0.03475642769043663,-0.041201550197167244,0.031290488973636676,10,2,20,ZDT1,neutral,0.06309823189854491,ZDT1_n20_m2,0.01
2000,mutation,0.07403948530262801,0.003295567141765122,ZDT,True,mutation_prob_03,0.03500211169609672,-0.04610778923224319,0.01406383025869945,10,2,20,ZDT1,neutral,0.06153629341486136,ZDT1_n20_m2,0.01
2000,mutation,0.07296458013813122,0.008991891147727603,ZDT,True,mutation_prob_04,0.039325892795979187,-0.06268525439245179,0.038926632438658515,10,2,20,ZDT1,neutral,0.055234196578479326,ZDT1_n20_m2,0.01
2000,mutation,0.03606974404922581,-0.03198565014100161,ZDT,True,mutation_prob_05,0.0037588784394636974,-0.022363174234121902,0.014137311728600055,10,2,20,ZDT1,neutral,0.05762186362092492,ZDT1_n20_m2,0.01
2000,mutation,0.07675435644241362,0.015710087512205453,ZDT,True,mutation_eta_01,0.043910837572002245,-0.0689775420341606,0.027262563772254222,10,2,20,ZDT1,positive,0.053814192646717954,ZDT1_n20_m2,0.01
2000,mutation,0.0822708952072973,0.020050358725810156,ZDT,True,mutation_eta_02,0.04935446094281719,-0.07278497538323705,0.03831188202428476,10,2,20,ZDT1,positive,0.05409550483044169,ZDT1_n20_m2,0.01
2000,mutation,0.07358662975388205,0.008596625182325653,ZDT,True,mutation_eta_03,0.03915602358682403,-0.065090925411142,0.02626354775101608,10,2,20,ZDT1,neutral,0.056672506650670765,ZDT1_n20_m2,0.01
2000,mutation,0.008739658693357164,-0.04363580458573367,ZDT,True,mutation_eta_04,-0.0166871536060074,-0.012851406501508877,-0.018913487309346888,10,2,20,ZDT1,neutral,0.0457804219042156,ZDT1_n20_m2,0.01
2000,mutation,-0.057070763866039514,-0.12650275710236936,ZDT,True,mutation_eta_05,-0.09409650986433506,0.06651884798405942,-0.09177424009717006,10,2,20,ZDT1,negative,0.05982125942505848,ZDT1_n20_m2,0.01
2000,crossover,-0.026430201387937363,-0.11780011069902115,ZDT,True,crossover_prob_01,-0.0778366288322902,0.05456738247092173,-0.09560657307004083,10,2,20,ZDT1,negative,0.07996511721151432,ZDT1_n20_m2,0.01
2000,crossover,0.03518026504194663,-0.02297933952470516,ZDT,True,crossover_prob_02,0.0029696302907282423,-0.025813904617528194,-0.01960301623202565,10,2,20,ZDT1,neutral,0.050861474724018474,ZDT1_n20_m2,0.01
2000,crossover,0.05341823546752716,-0.014161721812261802,ZDT,True,crossover_prob_03,0.016975805330644335,-0.027097998021046343,0.00024968132994845904,10,2,20,ZDT1,neutral,0.05814097738881569,ZDT1_n20_m2,0.01
2000,crossover,0.08373764605689817,0.02673558274455155,ZDT,True,crossover_eta_01,0.053163916463400906,-0.07612309109423067,0.04932347086527572,10,2,20,ZDT1,positive,0.04963981367810838,ZDT1_n20_m2,0.01
2000,crossover,0.06298714599919804,-0.003850065520624153,ZDT,True,crossover_eta_02,0.02708352908186289,-0.04167395622739391,0.01582197700731308,10,2,20,ZDT1,neutral,0.05790559689566027,ZDT1_n20_m2,0.01
2000,crossover,0.04530636432286289,-0.00833635191462727,ZDT,True,crossover_eta_03,0.016094218589255062,-0.03479002865970776,0.003077342480634959,10,2,20,ZDT1,neutral,0.04670355365060315,ZDT1_n20_m2,0.01
2000,crossover,0.021166061955240376,-0.018679154141509495,ZDT,True,crossover_eta_04,-0.0004661969664068955,-0.01234618091395448,-0.012697650204829991,10,2,20,ZDT1,neutral,0.03427381389587479,ZDT1_n20_m2,0.01
2000,selection,0.054073015260616177,-0.02300728434811858,ZDT,True,selection_tournament_01,0.012562886559120823,-0.029082833427248343,-0.012880903472146987,10,2,20,ZDT1,neutral,0.06719458118749591,ZDT1_n20_m2,0.01
2000,selection,0.05515588307150424,-0.0018095149173029152,ZDT,True,selection_tournament_02,0.02379469012244223,-0.04339070663893924,0.013453665128823511,10,2,20,ZDT1,neutral,0.049556127458545485,ZDT1_n20_m2,0.01
2000,selection,0.06133290071330973,-0.010769229835422467,ZDT,True,selection_tournament_03,0.022971826294133614,-0.04686322617089906,0.015288006305457513,10,2,20,ZDT1,neutral,0.06287361332432691,ZDT1_n20_m2,0.01
2000,mutation,0.05976385165361881,-0.139230375594866,ZDT,True,mutation_prob_01,-0.043073818638190715,0.10415258547128725,-0.027454679823760847,10,2,10,ZDT2,neutral,0.1673233589749793,ZDT2_n10_m2,0.01
2000,mutation,0.16614944529435305,-0.05552866522258654,ZDT,True,mutation_prob_03,0.06336619156825385,-0.08860261647909133,0.032999533032604146,10,2,10,ZDT2,neutral,0.1897414286657659,ZDT2_n10_m2,0.01
2000,mutation,0.13454582169218202,-0.06014191428434354,ZDT,True,mutation_prob_04,0.03781851199746987,-0.06442356711926892,0.011781232405232614,10,2,10,ZDT2,neutral,0.17112767454284203,ZDT2_n10_m2,0.01
2000,mutation,0.1258222875272403,-0.09101367816152876,ZDT,True,mutation_prob_05,0.01860241878949431,-0.03546340882006068,0.022448031674234904,10,2,10,ZDT2,neutral,0.18094839486322034,ZDT2_n10_m2,0.01
2000,mutation,0.28795605568868765,0.1655846424860458,ZDT,True,mutation_eta_01,0.23071062844533335,-0.30555494246012416,0.26344958401630836,10,2,10,ZDT2,positive,0.10859408999647568,ZDT2_n10_m2,0.01
2000,mutation,0.28049653384113593,0.14983903014226996,ZDT,True,mutation_eta_02,0.22051733227251163,-0.30017567683459057,0.2550975677665752,10,2,10,ZDT2,positive,0.116422781028093,ZDT2_n10_m2,0.01
2000,mutation,0.16980691251682387,0.02073563768957931,ZDT,True,mutation_eta_03,0.09342366065874573,-0.15747296772429262,0.09714227332979197,10,2,10,ZDT2,positive,0.128058712468611,ZDT2_n10_m2,0.01
2000,mutation,0.12222099115699059,-0.12235113945574894,ZDT,True,mutation_eta_04,0.001702175807953983,0.06879696689456503,-0.033716136365231936,10,2,10,ZDT2,neutral,0.2099134909096552,ZDT2_n10_m2,0.01
2000,mutation,0.056361400863058755,-0.062130392698815595,ZDT,True,mutation_eta_05,-0.010844918910728849,0.083427897352239,-0.0500974249476623,10,2,10,ZDT2,neutral,0.09868365156673188,ZDT2_n10_m2,0.01
2000,crossover,0.028735813331193925,-0.15310270621322727,ZDT,True,crossover_prob_01,-0.0668418302049327,0.14571692717626378,-0.05811964459423564,10,2,10,ZDT2,neutral,0.1536998510415566,ZDT2_n10_m2,0.01
2000,crossover,0.05664389272911335,-0.12706124079636405,ZDT,True,crossover_prob_02,-0.03624290480705154,0.07804066728143996,-0.03815339188239928,10,2,10,ZDT2,neutral,0.1588094606540576,ZDT2_n10_m2,0.01
2000,crossover,0.15245109743417795,-0.06590071300141509,ZDT,True,crossover_prob_03,0.04191980117955012,-0.04976224071314622,0.002087021499735664,10,2,10,ZDT2,neutral,0.19118011683386713,ZDT2_n10_m2,0.01
2000,crossover,0.06612621345621884,-0.09525465074483479,ZDT,True,crossover_eta_01,-0.01624429306587452,0.02862688996612885,-0.003952143597206123,10,2,10,ZDT2,neutral,0.1362161557335828,ZDT2_n10_m2,0.01
2000,crossover,0.11773779211856521,-0.04452685317011401,ZDT,True,crossover_eta_02,0.031990952629680616,-0.03577841632232484,-0.004084547899038574,10,2,10,ZDT2,neutral,0.1377225064648123,ZDT2_n10_m2,0.01
2000,crossover,0.09345128361366942,-0.09415950677090208,ZDT,True,crossover_eta_03,-0.006155736997405426,0.03343984820221659,-0.04025578977992557,10,2,10,ZDT2,neutral,0.16304666543545956,ZDT2_n10_m2,0.01
2000,crossover,0.012792426395817754,-0.0973877067049974,ZDT,True,crossover_eta_04,-0.03551431017927281,0.0682934207688998,-0.0069438394809943835,10,2,10,ZDT2,neutral,0.10042608919088371,ZDT2_n10_m2,0.01
2000,selection,0.059672906406633655,-0.04667307712885154,ZDT,True,selection_tournament_01,0.01188768899362264,-0.036848841570865216,0.02487293858291438,10,2,10,ZDT2,neutral,0.0908525041891326,ZDT2_n10_m2,0.01
2000,selection,0.2033276216689874,-0.03253852271955185,ZDT,True,selection_tournament_02,0.08409912517802148,-0.12725027747219222,0.05598101239081923,10,2,10,ZDT2,neutral,0.19954621964767488,ZDT2_n10_m2,0.01
2000,selection,0.21760087043909512,0.010747729440976,ZDT,True,selection_tournament_03,0.11064050752284398,-0.16587690414736977,0.07459503238772708,10,2,10,ZDT2,positive,0.17621649867686734,ZDT2_n10_m2,0.01
2000,mutation,0.12597847956186886,-0.05478137589054258,ZDT,True,mutation_prob_02,0.03500194621761239,-0.07402257414361813,0.00977652628505863,10,2,20,ZDT2,neutral,0.15818146393678817,ZDT2_n20_m2,0.01
2000,mutation,0.1444681958625529,-0.03178785033182616,ZDT,True,mutation_prob_03,0.057484146442138506,-0.09038081274879387,0.03895210893089748,10,2,20,ZDT2,neutral,0.15132104398780594,ZDT2_n20_m2,0.01
2000,mutation,0.0965952553237686,-0.06476237079272024,ZDT,True,mutation_prob_04,0.014065539208810976,-0.016675851160931048,0.004154486736843627,10,2,20,ZDT2,neutral,0.1393346302135439,ZDT2_n20_m2,0.01
2000,mutation,0.1068879244453574,-0.08752254398666844,ZDT,True,mutation_prob_05,0.01363167252989087,-0.007868333524436838,-0.016775915581347993,10,2,20,ZDT2,neutral,0.1652759753900999,ZDT2_n20_m2,0.01
2000,mutation,0.2847045891002525,0.18499010727447313,ZDT,True,mutation_eta_01,0.2476285762655536,-0.4160842354227941,0.27303824966186674,10,2,20,ZDT2,positive,0.09495391021002156,ZDT2_n20_m2,0.01
2000,mutation,0.3007011856757782,0.12721508050385422,ZDT,True,mutation_eta_02,0.23347467289055332,-0.3926410365784441,0.2906986603724717,10,2,20,ZDT2,positive,0.15636410415092392,ZDT2_n20_m2,0.01
2000,mutation,0.20019009987336409,0.03985127876825378,ZDT,True,mutation_eta_03,0.11884252817112215,-0.21736168934853506,0.10646889357060142,10,2,20,ZDT2,positive,0.13990923175463776,ZDT2_n20_m2,0.01
2000,mutation,-0.015756641387302935,-0.13445417918075497,ZDT,True,mutation_eta_04,-0.06257616940922081,0.1526623864645672,-0.027874107826537826,10,2,20,ZDT2,negative,0.10842514952772142,ZDT2_n20_m2,0.01
2000,mutation,-0.05680730420354368,-0.12558092110957736,ZDT,True,mutation_eta_05,-0.08757789354987432,0.17504404617265648,-0.07603832178338026,10,2,20,ZDT2,negative,0.059667990589654524,ZDT2_n20_m2,0.01
2000,crossover,0.010798785507330306,-0.13428622251302666,ZDT,True,crossover_prob_01,-0.05867565039647381,0.09383320683457154,-0.05691656363240482,10,2,20,ZDT2,neutral,0.12811638656476734,ZDT2_n20_m2,0.01
2000,crossover,-0.005062779385894554,-0.11435159057443288,ZDT,True,crossover_prob_02,-0.04931473226101313,0.11587262137972942,-0.013843327977125248,10,2,20,ZDT2,neutral,0.09747393129316982,ZDT2_n20_m2,0.01
2000,crossover,0.08332263159124918,-0.0793583228112231,ZDT,True,crossover_prob_03,-0.0011512235290150378,0.015578090909308184,-0.01037508355705528,10,2,20,ZDT2,neutral,0.13850454811187615,ZDT2_n20_m2,0.01
2000,crossover,0.08538520066846789,-0.07327618137999796,ZDT,True,crossover_eta_01,0.004765353938737539,0.02527437497048345,-0.006416984826488635,10,2,20,ZDT2,neutral,0.1321353362586966,ZDT2_n20_m2,0.01
2000,crossover,0.12478474904860824,-0.04488685245489042,ZDT,True,crossover_eta_02,0.03203250631560342,-0.035855631925695,-0.006898808882416917,10,2,20,ZDT2,neutral,0.14885960751890587,ZDT2_n20_m2,0.01
2000,crossover,0.001773459858606007,-0.08269684191748064,ZDT,True,crossover_eta_03,-0.0366240709482671,0.07240839807520161,-0.029385444675706716,10,2,20,ZDT2,neutral,0.0725721838266975,ZDT2_n20_m2,0.01
2000,crossover,0.06739414847372972,-0.10371451246599861,ZDT,True,crossover_eta_04,-0.01288829949347794,0.004576860530811017,-0.024128767524037843,10,2,20,ZDT2,neutral,0.1487562309072883,ZDT2_n20_m2,0.01
2000,selection,0.030320886636542015,-0.0833432518970097,ZDT,True,selection_tournament_01,-0.01791178284275314,0.039915912997561684,-0.009560966391194865,10,2,20,ZDT2,neutral,0.10183980620077392,ZDT2_n20_m2,0.01
2000,selection,0.11348476537186127,-0.02384635286969091,ZDT,True,selection_tournament_02,0.039028609785455734,-0.04600806844802545,0.013115107533964492,10,2,20,ZDT2,neutral,0.1186007981783344,ZDT2_n20_m2,0.01
2000,selection,0.10795805157483437,-0.06633845099184524,ZDT,True,selection_tournament_03,0.017145280480730885,-0.01828125015366327,0.0018984316247864577,10,2,20,ZDT2,neutral,0.14944426684652937,ZDT2_n20_m2,0.01
2000,mutation,-0.0037146956180320306,-0.03646914723685113,ZDT,True,mutation_prob_01,-0.020839435831914953,0.024581140165538813,-0.02424073039274177,10,2,10,ZDT3,neutral,0.028363867607286004,ZDT3_n10_m2,0.01
2000,mutation,0.01988705497945568,-0.010897834397412338,ZDT,True,mutation_prob_03,0.0032205482041442134,-0.0035408452629913712,-0.0011245046584478224,10,2,10,ZDT3,neutral,0.02612811827487443,ZDT3_n10_m2,0.01
2000,mutation,0.026503988076368872,-0.0009335359102981488,ZDT,True,mutation_prob_04,0.011183814088733502,-0.0348409995235975,0.007166000431050368,10,2,10,ZDT3,neutral,0.02344085790879692,ZDT3_n10_m2,0.01
2000,mutation,0.010017865514238918,-0.013934221727473104,ZDT,True,mutation_prob_05,-0.003178756796974447,-0.008946422682913843,-0.006249809716603827,10,2,10,ZDT3,neutral,0.02065161463866747,ZDT3_n10_m2,0.01
2000,mutation,0.029538157065286366,0.001172251862226309,ZDT,True,mutation_eta_01,0.014052265606865611,-0.03314781342511242,0.010477439983669457,10,2,10,ZDT3,neutral,0.024204429159934347,ZDT3_n10_m2,0.01
2000,mutation,0.028486179625552915,-0.0005729255758062166,ZDT,True,mutation_eta_02,0.012223453839175835,-0.02653540599808794,0.0032680462829889345,10,2,10,ZDT3,neutral,0.024548588644230623,ZDT3_n10_m2,0.01
2000,mutation,0.011743335754952667,-0.01685095224655101,ZDT,True,mutation_eta_03,-0.0004219681440481571,0.0046328400451884745,0.001876103856326028,10,2,10,ZDT3,neutral,0.025523846305199882,ZDT3_n10_m2,0.01
2000,mutation,-0.018470644751428903,-0.07270608509577807,ZDT,True,mutation_eta_04,-0.04158131870959571,0.06172479193955939,-0.03423995109418404,10,2,10,ZDT3,negative,0.04796559590149486,ZDT3_n10_m2,0.01
2000,mutation,-0.02551397461586107,-0.08819260186528524,ZDT,True,mutation_eta_05,-0.05779741325206513,0.05746035312501405,-0.054339074633270645,10,2,10,ZDT3,negative,0.052541731334171976,ZDT3_n10_m2,0.01
2000,crossover,-0.014278434313329973,-0.05015777758555898,ZDT,True,crossover_prob_01,-0.031697820447875905,0.025801209417889083,-0.028668338047532216,10,2,10,ZDT3,negative,0.029723488559197125,ZDT3_n10_m2,0.01
2000,crossover,0.006300114457862156,-0.04044870245733125,ZDT,True,crossover_prob_02,-0.01753716810502612,0.02155306995177317,-0.004598750682299146,10,2,10,ZDT3,neutral,0.04033254897949319,ZDT3_n10_m2,0.01
2000,crossover,0.02283448265456097,-0.0057698944286599125,ZDT,True,crossover_prob_03,0.008118633428105926,-0.018261331351351988,0.0040161771922432865,10,2,10,ZDT3,neutral,0.024532428392562304,ZDT3_n10_m2,0.01
2000,crossover,0.012759771771995242,-0.004413868862106041,ZDT,True,crossover_eta_01,0.004001046795990904,-0.01146445304222184,0.0010729231249231308,10,2,10,ZDT3,neutral,0.014902787021743342,ZDT3_n10_m2,0.01
2000,crossover,0.0010970021034172651,-0.02347114431137091,ZDT,True,crossover_eta_02,-0.009701176896025232,0.021254891926936883,-0.0009425853133980255,10,2,10,ZDT3,neutral,0.021290562421812077,ZDT3_n10_m2,0.01
2000,crossover,-0.00031118293209073664,-0.040339723539206306,ZDT,True,crossover_eta_03,-0.016244456999755026,0.025691674166004142,-0.003275794910628571,10,2,10,ZDT3,neutral,0.03294658920163533,ZDT3_n10_m2,0.01
2000,crossover,0.005049752645219652,-0.018463035945765618,ZDT,True,crossover_eta_04,-0.007057062820536875,0.0027315097002296616,-0.0035174293375548893,10,2,10,ZDT3,neutral,0.02045946328640744,ZDT3_n10_m2,0.01
2000,selection,0.013063942069025525,-0.0278432526600085,ZDT,True,selection_tournament_01,-0.006629797400689252,0.01990674009703544,-0.0023263613552500506,10,2,10,ZDT3,neutral,0.03362695742243461,ZDT3_n10_m2,0.01
2000,selection,0.011700208570204292,-0.05085777385721656,ZDT,True,selection_tournament_02,-0.014087998849101118,0.04242907474102542,-0.001362470989960174,10,2,10,ZDT3,neutral,0.053860013608926324,ZDT3_n10_m2,0.01
2000,selection,0.014783941897428581,-0.024598757620296837,ZDT,True,selection_tournament_03,-0.0046623586820886635,0.01383173987387699,-0.0027519971638005347,10,2,10,ZDT3,neutral,0.03325383874076687,ZDT3_n10_m2,0.01
2000,mutation,0.036233399963538644,-0.002407878681345059,ZDT,True,mutation_prob_02,0.015210590806720048,-0.021530043277134415,0.009967736570990537,10,2,20,ZDT3,neutral,0.032215400014481796,ZDT3_n20_m2,0.01
2000,mutation,0.038173080120002284,-0.010514196750609326,ZDT,True,mutation_prob_03,0.016945166705484776,-0.017426304597732496,0.019330158188573254,10,2,20,ZDT3,neutral,0.04257800850126657,ZDT3_n20_m2,0.01
2000,mutation,0.018238382169297143,-0.050358050224695916,ZDT,True,mutation_prob_04,-0.013102097600637259,0.039518228570758464,0.0019520878115336648,10,2,20,ZDT3,neutral,0.0598971602123042,ZDT3_n20_m2,0.01
2000,mutation,0.009021589342557135,-0.030781614822048234,ZDT,True,mutation_prob_05,-0.008869596176651739,-0.0016008419047033526,-0.00734699193209265,10,2,20,ZDT3,neutral,0.03393033690561018,ZDT3_n20_m2,0.01
2000,mutation,0.04288681497392042,0.017565956786641575,ZDT,True,mutation_eta_01,0.029722255183866952,-0.063815391362852,0.0219948809413284,10,2,20,ZDT3,positive,0.02165362533096179,ZDT3_n20_m2,0.01
2000,mutation,0.04024451743349402,0.01302719844481044,ZDT,True,mutation_eta_02,0.026006258057700172,-0.0511905900134358,0.022058284234603653,10,2,20,ZDT3,positive,0.023393431302634153,ZDT3_n20_m2,0.01
2000,mutation,0.04522269268321302,0.011570804418137424,ZDT,True,mutation_eta_03,0.028939868123545397,-0.05792170902506115,0.028181166937083446,10,2,20,ZDT3,positive,0.028282397154234196,ZDT3_n20_m2,0.01
2000,mutation,-0.003992548083124638,-0.06403919222413308,ZDT,True,mutation_eta_04,-0.032895370033323636,-0.004361600658756437,-0.022607385819355452,10,2,20,ZDT3,neutral,0.05072683385438866,ZDT3_n20_m2,0.01
2000,mutation,-0.02393288534103323,-0.08306108962301742,ZDT,True,mutation_eta_05,-0.050955916717668095,0.016847757555352793,-0.04951148432444655,10,2,20,ZDT3,negative,0.04887553560706813,ZDT3_n20_m2,0.01
2000,crossover,-0.026933428348166217,-0.11716155894254071,ZDT,True,crossover_prob_01,-0.06858893753835985,0.0805145829166317,-0.04738722814867319,10,2,20,ZDT3,negative,0.07776066576581256,ZDT3_n20_m2,0.01
2000,crossover,0.016673170519674808,-0.034991090096218626,ZDT,True,crossover_prob_02,-0.008498094844532084,0.004736314361850189,-0.0045870584516031765,10,2,20,ZDT3,neutral,0.044390651001771156,ZDT3_n20_m2,0.01
2000,crossover,0.014733976262212978,-0.027325897444828173,ZDT,True,crossover_prob_03,-0.006571316000901273,-0.0024294507091086213,-0.006593527931994303,10,2,20,ZDT3,neutral,0.03541433673643016,ZDT3_n20_m2,0.01
2000,crossover,0.050316952526145466,0.018131980959524844,ZDT,True,crossover_eta_01,0.03347448126858079,-0.06345174866549788,0.02558370313742342,10,2,20,ZDT3,positive,0.027715057398663687,ZDT3_n20_m2,0.01
2000,crossover,0.02779119409955961,0.0011514734786301907,ZDT,True,crossover_eta_02,0.015027157594844331,-0.03713849619134153,0.015781172560683787,10,2,20,ZDT3,neutral,0.021917267381289945,ZDT3_n20_m2,0.01
2000,crossover,0.021483293238848674,-0.00985849832439396,ZDT,True,crossover_eta_03,0.005254064930854308,-0.012398697883824642,0.007815962032559964,10,2,20,ZDT3,neutral,0.02649668118146554,ZDT3_n20_m2,0.01
2000,crossover,0.01942162170511142,-0.030366080172038217,ZDT,True,crossover_eta_04,-0.0044910133625811754,-0.0029180959600461883,0.0012177620363311714,10,2,20,ZDT3,neutral,0.041891793469692365,ZDT3_n20_m2,0.01
2000,selection,0.02172096574149291,-0.01171316103517366,ZDT,True,selection_tournament_01,0.0042227635264668216,-0.01254148441027989,-0.0034698861123247937,10,2,20,ZDT3,neutral,0.028806191817224245,ZDT3_n20_m2,0.01
2000,selection,0.018378661651536968,-0.008563458116910215,ZDT,True,selection_tournament_02,0.004897160742444534,-0.0014974295102498237,0.0029244611712173074,10,2,20,ZDT3,neutral,0.02282801007396166,ZDT3_n20_m2,0.01
2000,selection,0.015570596869992995,-0.005976306399607386,ZDT,True,selection_tournament_03,0.004942419165735301,-0.025363302874814697,0.0100053800700457,10,2,20,ZDT3,neutral,0.018396582933434626,ZDT3_n20_m2,0.01
10000,mutation,0.019003492648034123,-0.10332840004418693,ZDT,True,mutation_prob_01,-0.04129231301641014,0.029679713883263792,-0.045232547581787894,10,2,10,ZDT4,neutral,0.10490122265572839,ZDT4_n10_m2,0.01
10000,mutation,-0.28836550590208565,-0.5017310636637102,ZDT,True,mutation_prob_03,-0.40061579607208236,0.5592382768558956,-0.410929506591886,10,2,10,ZDT4,negative,0.1852893866503393,ZDT4_n10_m2,0.01
10000,mutation,-0.41937341000272166,-0.60389284331624,ZDT,True,mutation_prob_04,-0.5165999787595098,2.3280071172911736,-0.5677252040198548,10,2,10,ZDT4,negative,0.16080915369951754,ZDT4_n10_m2,0.01
10000,mutation,-0.41937341000272166,-0.60389284331624,ZDT,True,mutation_prob_05,-0.5165999787595098,7.7256559326784835,-0.5677252040198548,10,2,10,ZDT4,negative,0.16080915369951754,ZDT4_n10_m2,0.01
10000,mutation,-0.013040623939200703,-0.24834950064639072,ZDT,True,mutation_eta_01,-0.13347469999440598,0.05388894649061808,-0.1458041373805183,10,2,10,ZDT4,negative,0.20393901004837725,ZDT4_n10_m2,0.01
10000,mutation,-0.03468455537548135,-0.19604472346057192,ZDT,True,mutation_eta_02,-0.11317918278217472,0.03552890419336443,-0.09017365142964326,10,2,10,ZDT4,negative,0.14004114948442867,ZDT4_n10_m2,0.01
10000,mutation,0.16678439386304958,-0.10158721261772524,ZDT,True,mutation_eta_03,0.027711256440460887,-0.0886273740622986,0.026151889519518107,10,2,10,ZDT4,neutral,0.23344141376250932,ZDT4_n10_m2,0.01
10000,mutation,-0.18353720814297494,-0.5009521527029058,ZDT,True,mutation_eta_04,-0.34782743079934253,0.46834865432862527,-0.4015189481229099,10,2,10,ZDT4,negative,0.27282496725781247,ZDT4_n10_m2,0.01
10000,mutation,-0.41787287273510243,-0.599082984145983,ZDT,True,mutation_eta_05,-0.5132696395492596,2.859164688754034,-0.5677252040198548,10,2,10,ZDT4,negative,0.15746300863082074,ZDT4_n10_m2,0.01
10000,crossover,0.016960135383764088,-0.188093951136752,ZDT,True,crossover_prob_01,-0.09267366583260472,0.10687023661815234,-0.17531335607918888,10,2,10,ZDT4,neutral,0.17735352457326312,ZDT4_n10_m2,0.01
10000,crossover,0.12978637746117488,-0.04447587395299531,ZDT,True,crossover_prob_02,0.04146430691940426,-0.036833904842520415,-0.0070398505265053535,10,2,10,ZDT4,neutral,0.15027404729161908,ZDT4_n10_m2,0.01
10000,crossover,0.12453718046720505,-0.09581974991214674,ZDT,True,crossover_prob_03,0.007987291793807633,0.0027609536466590813,-0.016360028405840332,10,2,10,ZDT4,neutral,0.19469223655899118,ZDT4_n10_m2,0.01
10000,crossover,-0.06155633663700343,-0.32636883749029444,ZDT,True,crossover_eta_01,-0.18714648865601777,0.17318280501221706,-0.13510156708027002,10,2,10,ZDT4,negative,0.22690537698549884,ZDT4_n10_m2,0.01
10000,crossover,0.060945975958675444,-0.15395161441370786,ZDT,True,crossover_eta_02,-0.04693576340555583,0.04829410633618815,-0.07598274303761884,10,2,10,ZDT4,neutral,0.18223071745157218,ZDT4_n10_m2,0.01
10000,crossover,0.13720243555284403,-0.05224975193459292,ZDT,True,crossover_eta_03,0.044301024216964004,-0.07903159781836044,0.03351074413758348,10,2,10,ZDT4,neutral,0.16035381663666287,ZDT4_n10_m2,0.01
10000,crossover,0.1660928670829116,-0.025642452608596333,ZDT,True,crossover_eta_04,0.07279543698041933,-0.08743469177495017,0.08879842831848772,10,2,10,ZDT4,neutral,0.16513406447647785,ZDT4_n10_m2,0.01
10000,selection,0.12056394262628672,-0.05127037100943363,ZDT,True,selection_tournament_01,0.031706697793161695,-0.05186165946680059,-0.005781119277975755,10,2,10,ZDT4,neutral,0.1485021147867484,ZDT4_n10_m2,0.01
10000,selection,0.22820110280869005,0.0007276501423448888,ZDT,True,selection_tournament_02,0.11170775362226741,-0.13922936993144958,0.10335286177902309,10,2,10,ZDT4,neutral,0.1954768254714176,ZDT4_n10_m2,0.01
10000,selection,0.22955574120519506,-0.008282882705764778,ZDT,True,selection_tournament_03,0.10784045759208383,-0.14452620359360854,0.0892029946368863,10,2,10,ZDT4,neutral,0.2020745141687122,ZDT4_n10_m2,0.01
5000,mutation,-0.03607681807188007,-0.10248530045181742,ZDT,True,mutation_prob_01,-0.07327342894683495,0.057764529063876725,-0.08261466234147549,10,2,10,ZDT6,negative,0.05695424281431276,ZDT6_n10_m2,0.01
5000,mutation,0.010284541695762036,-0.023892920987024512,ZDT,True,mutation_prob_03,-0.006333259350766845,0.0027885812158372435,-0.0002666478367819858,10,2,10,ZDT6,neutral,0.028989359753320385,ZDT6_n10_m2,0.01
5000,mutation,-0.07441726075600116,-0.11893373811372496,ZDT,True,mutation_prob_04,-0.09569667482612854,0.06794341920793927,-0.0783959640494358,10,2,10,ZDT6,negative,0.038014788847466424,ZDT6_n10_m2,0.01
5000,mutation,-0.29768414167081275,-0.33711780004203035,ZDT,True,mutation_prob_05,-0.31798238513347704,0.4085414237246563,-0.3179448584563688,10,2,10,ZDT6,negative,0.03482739965749405,ZDT6_n10_m2,0.01
5000,mutation,0.027484942905911358,-0.017801359372811465,ZDT,True,mutation_eta_01,0.005331436366577147,-0.0029341067485723826,0.0023953608047731223,10,2,10,ZDT6,neutral,0.03890291450632355,ZDT6_n10_m2,0.01
5000,mutation,0.01857536874601783,-0.020241725881801603,ZDT,True,mutation_eta_02,-0.001793163994717406,0.0010793689145307233,0.002956100640260223,10,2,10,ZDT6,neutral,0.03292261025611087,ZDT6_n10_m2,0.01
5000,mutation,0.028331768477169655,-0.01973752848791593,ZDT,True,mutation_eta_03,0.0025638151974466616,-0.0012407118604478018,0.002150434541113466,10,2,10,ZDT6,neutral,0.04126311338185819,ZDT6_n10_m2,0.01
5000,mutation,0.009470136124284146,-0.017630086114414047,ZDT,True,mutation_eta_04,-0.004718933058241642,0.0027330288410442466,-0.006167516876526918,10,2,10,ZDT6,neutral,0.023167064690197633,ZDT6_n10_m2,0.01
5000,mutation,-0.010819257457072823,-0.06477466312952641,ZDT,True,mutation_eta_05,-0.04078046399819594,0.0319291863294396,-0.05440903716894174,10,2,10,ZDT6,negative,0.045962117521006936,ZDT6_n10_m2,0.01
5000,crossover,-0.009738660526197632,-0.06184055685330702,ZDT,True,crossover_prob_01,-0.03435110551082529,0.02296952409388765,-0.03929859944240155,10,2,10,ZDT6,neutral,0.045597299030113524,ZDT6_n10_m2,0.01
5000,crossover,-0.03990300601383227,-0.08560453150122556,ZDT,True,crossover_prob_02,-0.0623676816134334,0.044807152943825077,-0.06445775571258908,10,2,10,ZDT6,negative,0.03977956312531759,ZDT6_n10_m2,0.01
5000,crossover,0.03465471259807843,-0.0073102256752698835,ZDT,True,crossover_prob_03,0.01424791760826899,-0.00915793653199382,0.018997547170888807,10,2,10,ZDT6,neutral,0.03737121941832642,ZDT6_n10_m2,0.01
5000,crossover,0.03840293588053881,-0.0047449759786473,ZDT,True,crossover_eta_01,0.015310138540162105,-0.009515070859549044,0.01627173167597873,10,2,10,ZDT6,neutral,0.0365864852096068,ZDT6_n10_m2,0.01
5000,crossover,0.009670622367672401,-0.024668709235558115,ZDT,True,crossover_eta_02,-0.0064805831460879645,0.005484385680540378,-0.0035896725073697178,10,2,10,ZDT6,neutral,0.030228032183209737,ZDT6_n10_m2,0.01
5000,crossover,0.0172497641488452,-0.024225124506426002,ZDT,True,crossover_eta_03,-0.0016200247426027881,0.0010757282397993485,0.006085354133400361,10,2,10,ZDT6,neutral,0.0373370713549515,ZDT6_n10_m2,0.01
5000,crossover,0.01751794331062587,-0.02648987882499946,ZDT,True,crossover_eta_04,-0.005308094693770149,0.0032906861739007295,-0.011764919438267879,10,2,10,ZDT6,neutral,0.037020260074410255,ZDT6_n10_m2,0.01
5000,selection,0.07729345356528183,0.03545117579063948,ZDT,True,selection_tournament_01,0.05654708766797589,-0.036219952281727655,0.06117997592017188,10,2,10,ZDT6,positive,0.03628703180731954,ZDT6_n10_m2,0.01
5000,selection,0.09221953256490559,0.06264637512472597,ZDT,True,selection_tournament_02,0.07669031544032191,-0.04774093423155419,0.07468160917367614,10,2,10,ZDT6,positive,0.025839918199130257,ZDT6_n10_m2,0.01
5000,selection,0.09658524232573952,0.06034386277700145,ZDT,True,selection_tournament_03,0.07848811342462646,-0.049190387020077074,0.07946717877547094,10,2,10,ZDT6,positive,0.031617331327428694,ZDT6_n10_m2,0.01
10000,mutation,-0.16718626810549378,-0.4889172403619697,DTLZ,True,mutation_prob_01,-0.3299695997644675,0.24859918621543137,-0.5147685509274589,10,2,6,DTLZ1,negative,0.271023390176864,DTLZ1_n6_m2,0.01
10000,mutation,0.10964692806470472,-0.23292988354614916,DTLZ,True,mutation_prob_02,-0.06571543978261903,0.0030641407832359023,-0.02184671806280858,10,2,6,DTLZ1,neutral,0.31104038795310646,DTLZ1_n6_m2,0.01
10000,mutation,0.142913065465453,-0.17882705653606867,DTLZ,True,mutation_prob_03,-0.018280923834193587,-0.021493412494509367,-0.007323436172221587,10,2,6,DTLZ1,neutral,0.2630236840062885,DTLZ1_n6_m2,0.01
10000,mutation,-0.12037090014950244,-0.5320761467466005,DTLZ,True,mutation_prob_04,-0.36360436489639003,0.256003514024376,-0.5147685509274589,10,2,6,DTLZ1,negative,0.3465885188954514,DTLZ1_n6_m2,0.01
10000,mutation,-0.380536532046335,-0.5590707990774135,DTLZ,True,mutation_prob_05,-0.49450730125341247,2.7695006799100685,-0.552807246466222,10,2,6,DTLZ1,negative,0.17494540620399668,DTLZ1_n6_m2,0.01
10000,mutation,0.0755453431783953,-0.28586031354537944,DTLZ,True,mutation_eta_01,-0.10607166742561905,0.025113701289028945,-0.054866694563747265,10,2,6,DTLZ1,neutral,0.30720669185098143,DTLZ1_n6_m2,0.01
10000,mutation,0.0027087547589368915,-0.09831525988523623,DTLZ,True,mutation_eta_02,-0.04103301497911752,-0.022572348860930874,-0.0066523921891600835,10,2,6,DTLZ1,neutral,0.08621458370993235,DTLZ1_n6_m2,0.01
10000,mutation,0.16570954174008684,-0.026678191369626944,DTLZ,True,mutation_eta_03,0.04446955157061792,-0.06713219764805863,-0.009588082731143865,10,2,6,DTLZ1,neutral,0.18186355441131782,DTLZ1_n6_m2,0.01
10000,mutation,-0.33165826119569486,-0.5525403123345904,DTLZ,True,mutation_eta_04,-0.45895079593226856,1.399839017063163,-0.546164979209113,10,2,6,DTLZ1,negative,0.19452692451656298,DTLZ1_n6_m2,0.01
10000,mutation,-0.380536532046335,-0.5590707990774135,DTLZ,True,mutation_eta_05,-0.49450730125341247,3.208659201294368,-0.552807246466222,10,2,6,DTLZ1,negative,0.17494540620399668,DTLZ1_n6_m2,0.01
10000,crossover,-0.004257771430300635,-0.2785429836318928,DTLZ,True,crossover_prob_01,-0.12207558501422622,0.06494905865986593,-0.02919558706321801,10,2,6,DTLZ1,neutral,0.23294997795251116,DTLZ1_n6_m2,0.01
10000,crossover,0.059370915330328955,-0.3294219091953233,DTLZ,True,crossover_prob_02,-0.13757441295550177,0.054977923060660225,-0.05423042367560746,10,2,6,DTLZ1,neutral,0.32503028714374516,DTLZ1_n6_m2,0.01
10000,crossover,0.0941160742808744,-0.3214392911917561,DTLZ,True,crossover_prob_03,-0.12051889114014305,0.04101618912968084,-0.012376355356215119,10,2,6,DTLZ1,neutral,0.34519488601175874,DTLZ1_n6_m2,0.01
10000,crossover,-0.09202038417819373,-0.5022886179468139,DTLZ,True,crossover_eta_01,-0.32562035640147335,0.2538671371983603,-0.5123200216770346,10,2,6,DTLZ1,negative,0.36731828384686777,DTLZ1_n6_m2,0.01
10000,crossover,0.02200858174386646,-0.3385091824057517,DTLZ,True,crossover_eta_02,-0.16282649258157922,0.16031712997714637,-0.06129333283150579,10,2,6,DTLZ1,neutral,0.32090348911776106,DTLZ1_n6_m2,0.01
10000,crossover,-0.04011132885288137,-0.27925154121382223,DTLZ,True,crossover_eta_03,-0.14395860035494304,0.0486632816389795,-0.06697537654066768,10,2,6,DTLZ1,negative,0.20635855250439405,DTLZ1_n6_m2,0.01
10000,crossover,0.14799558314494388,-0.174335929451721,DTLZ,True,crossover_eta_04,-0.011205697271234539,-0.031625798296014904,-0.0031870438290594882,10,2,6,DTLZ1,neutral,0.2562064271005391,DTLZ1_n6_m2,0.01
10000,selection,0.11393665147183692,-0.30957511300441226,DTLZ,True,selection_tournament_01,-0.10042154466012154,0.03149175995552754,-0.007191062096514489,10,2,6,DTLZ1,neutral,0.340165340742687,DTLZ1_n6_m2,0.01
10000,selection,0.012274536119794104,-0.2688909860947036,DTLZ,True,selection_tournament_02,-0.11499882714511837,0.03734393275663226,0.0027077454445319504,10,2,6,DTLZ1,neutral,0.23833132549118277,DTLZ1_n6_m2,0.01
10000,selection,0.0620870830567984,-0.3704161904224758,DTLZ,True,selection_tournament_03,-0.15673882052286112,0.06619030330563228,-0.026359365159588644,10,2,6,DTLZ1,neutral,0.36509357971510664,DTLZ1_n6_m2,0.01
20000,mutation,0.1944738872968478,-0.3072315770198423,DTLZ,True,mutation_prob_01,-0.050661479059374404,0.03594045910909166,0.07637212708848452,10,3,7,DTLZ1,neutral,0.4375705360818826,DTLZ1_n7_m3,0.01
20000,mutation,0.20192342490219517,-0.30213753416389344,DTLZ,True,mutation_prob_02,-0.0607350267785262,-0.09281914891721879,-0.014225648687276505,10,3,7,DTLZ1,neutral,0.42162909845875945,DTLZ1_n7_m3,0.01
20000,mutation,0.3851541701055007,-0.25879843524258284,DTLZ,True,mutation_prob_03,0.06831401619508363,-0.11440386538495395,-0.009325132475309021,10,3,7,DTLZ1,neutral,0.5557743073731051,DTLZ1_n7_m3,0.01
20000,mutation,-0.04287237941873426,-0.48014937155602055,DTLZ,True,mutation_prob_04,-0.26140259242911246,0.47170035653520037,-0.2406884058091505,10,3,7,DTLZ1,negative,0.37985022468926244,DTLZ1_n7_m3,0.01
20000,mutation,-0.1426747515975078,-0.5496013439170249,DTLZ,True,mutation_prob_05,-0.34099267222675433,2.619190667433587,-0.2616237057683536,10,3,7,DTLZ1,negative,0.3441982690835174,DTLZ1_n7_m3,0.01
20000,mutation,0.3189711385124119,-0.23822309176959222,DTLZ,True,mutation_eta_01,0.05375363337857016,-0.1724793062737326,0.0553114616276428,10,3,7,DTLZ1,neutral,0.47091142233107164,DTLZ1_n7_m3,0.01
20000,mutation,0.5270109481871074,0.0393588727838937,DTLZ,True,mutation_eta_02,0.2924628881092414,-0.32623167585485013,0.24800245294757461,10,3,7,DTLZ1,positive,0.41529111519638734,DTLZ1_n7_m3,0.01
20000,mutation,0.5117496076485207,0.08366807208617147,DTLZ,True,mutation_eta_03,0.29423018399073797,-0.32175448492877423,0.2334472431213447,10,3,7,DTLZ1,positive,0.3734437905044744,DTLZ1_n7_m3,0.01
20000,mutation,-0.0773234401457413,-0.43727755594286133,DTLZ,True,mutation_eta_04,-0.25386843697940825,0.68695084023143,-0.06702143885700648,10,3,7,DTLZ1,negative,0.3169668299011574,DTLZ1_n7_m3,0.01
20000,mutation,-0.1426747515975078,-0.5496013439170249,DTLZ,True,mutation_eta_05,-0.34099267222675433,2.0501289969627363,-0.2616237057683536,10,3,7,DTLZ1,negative,0.3441982690835174,DTLZ1_n7_m3,0.01
20000,crossover,0.12783416622305088,-0.5031987518799795,DTLZ,True,crossover_prob_01,-0.19625275130664965,0.31599564308256356,-0.2212758665413922,10,3,7,DTLZ1,neutral,0.5494518793588596,DTLZ1_n7_m3,0.01
20000,crossover,0.236591751229344,-0.19278318034790415,DTLZ,True,crossover_prob_02,0.02512974665766775,-0.19926343613042363,2.5222181298138052e-05,10,3,7,DTLZ1,neutral,0.3792271240802236,DTLZ1_n7_m3,0.01
20000,crossover,0.40809200659021766,0.06916650061723734,DTLZ,True,crossover_prob_03,0.2317942792486091,-0.2974189510300055,0.14184575965774657,10,3,7,DTLZ1,positive,0.3001227385096758,DTLZ1_n7_m3,0.01
20000,crossover,-0.09103158450444583,-0.42522688158744004,DTLZ,True,crossover_eta_01,-0.2434136480843252,0.49309410555112415,-0.12239209175630598,10,3,7,DTLZ1,negative,0.2914661942989008,DTLZ1_n7_m3,0.01
20000,crossover,0.2429281392921646,-0.28582954671356536,DTLZ,True,crossover_eta_02,-0.023379290949556007,-0.1543047566504156,-0.038076468724052286,10,3,7,DTLZ1,neutral,0.46531559484864926,DTLZ1_n7_m3,0.01
20000,crossover,0.4051364684134377,-0.1945921589881984,DTLZ,True,crossover_eta_03,0.11260219648366562,-0.13652210238444165,0.01883817847842513,10,3,7,DTLZ1,neutral,0.5260643169075601,DTLZ1_n7_m3,0.01
20000,crossover,0.4161229068878448,-0.13006433066076772,DTLZ,True,crossover_eta_04,0.148064084549965,-0.225783891255728,0.08282749850560628,10,3,7,DTLZ1,neutral,0.4721106553900595,DTLZ1_n7_m3,0.01
20000,selection,0.1476823309117362,-0.4880336606408023,DTLZ,True,selection_tournament_01,-0.17643875620576938,0.08251236637317233,-0.19164428333347994,10,3,7,DTLZ1,neutral,0.5515445552110364,DTLZ1_n7_m3,0.01
20000,selection,0.3139148786560587,-0.18616203455415428,DTLZ,True,selection_tournament_02,0.07002033117256548,-0.20927091251262286,0.04815435940828184,10,3,7,DTLZ1,neutral,0.43601266540257433,DTLZ1_n7_m3,0.01
20000,selection,0.3646190789844739,-0.19760843997425476,DTLZ,True,selection_tournament_03,0.09396761125651196,-0.2149110156175686,0.07777712022494716,10,3,7,DTLZ1,neutral,0.49023620509405214,DTLZ1_n7_m3,0.01
2000,mutation,0.00108382573109667,-0.000667706982558741,DTLZ,True,mutation_prob_01,0.00016767930938583754,-0.00011855173466662015,-0.0003647358047413618,10,2,6,DTLZ2,neutral,0.001552659322907844,DTLZ2_n6_m2,0.01
2000,mutation,0.0010166863430873358,-0.0003877512171838835,DTLZ,True,mutation_prob_02,0.00032667221248762756,9.18440016305689e-05,0.00047792714881178533,10,2,6,DTLZ2,neutral,0.0012046773982573285,DTLZ2_n6_m2,0.01
2000,mutation,-1.3317779981799901e-05,-0.0010392802330271276,DTLZ,True,mutation_prob_03,-0.0005106816883931498,0.0003627494569548065,-0.00047425833897443703,10,2,6,DTLZ2,neutral,0.0008624863255328642,DTLZ2_n6_m2,0.01
2000,mutation,-0.00010729799556470496,-0.0016047469829106576,DTLZ,True,mutation_prob_04,-0.0008869040788011484,0.0005510813955560894,-0.0013341381675388009,10,2,6,DTLZ2,neutral,0.001270115058471431,DTLZ2_n6_m2,0.01
2000,mutation,-0.0013874494683631,-0.003008501638882875,DTLZ,True,mutation_prob_05,-0.0022284451873646914,0.0009028278478669053,-0.0022508714806555585,10,2,6,DTLZ2,neutral,0.0013821390077647009,DTLZ2_n6_m2,0.01
2000,mutation,-0.00019103403604482658,-0.002001133829363026,DTLZ,True,mutation_eta_01,-0.0011264187956510463,0.00039192556077985457,-0.0011549266261903501,10,2,6,DTLZ2,neutral,0.0015628022528623258,DTLZ2_n6_m2,0.01
2000,mutation,-6.557660303326031e-05,-0.001066985852797486,DTLZ,True,mutation_eta_02,-0.0005457099054241576,0.00040601148773909484,-0.00018331344036495723,10,2,6,DTLZ2,neutral,0.0008790143779729005,DTLZ2_n6_m2,0.01
2000,mutation,0.00031663265364506566,-0.0008030261246878338,DTLZ,True,mutation_eta_03,-0.00025547197444901747,-3.551121293468955e-05,-0.00011068267767080919,10,2,6,DTLZ2,neutral,0.0009674062121134846,DTLZ2_n6_m2,0.01
2000,mutation,0.001366671459907528,8.891034960563398e-05,DTLZ,True,mutation_eta_04,0.0007375935882350026,-0.0008274733346035946,0.000530460303110214,10,2,6,DTLZ2,neutral,0.0010851694695203427,DTLZ2_n6_m2,0.01
2000,mutation,0.0012980611515293352,-0.000776926979961648,DTLZ,True,mutation_eta_05,0.0003142024573913382,0.0007290855391484895,0.0007801520093530523,10,2,6,DTLZ2,neutral,0.0017451831395235017,DTLZ2_n6_m2,0.01
2000,crossover,-0.00025560862924744787,-0.0016832873561167948,DTLZ,True,crossover_prob_01,-0.0009787628892111266,0.0007823286773173939,-0.0007793088551831528,10,2,6,DTLZ2,neutral,0.0012204237683303447,DTLZ2_n6_m2,0.01
2000,crossover,0.0003601870047061311,-0.0007949869201513568,DTLZ,True,crossover_prob_02,-0.00020872391273241698,-1.6822424702099202e-05,-0.00021580370065202303,10,2,6,DTLZ2,neutral,0.0009936869345286254,DTLZ2_n6_m2,0.01
2000,crossover,0.0007987015445816166,-0.0002282922891801127,DTLZ,True,crossover_prob_03,0.0003082815663065064,-0.0003698034900195185,0.0003262022906473372,10,2,6,DTLZ2,neutral,0.0008753949203865807,DTLZ2_n6_m2,0.01
2000,crossover,0.0005346435118759782,-0.0006738122528306308,DTLZ,True,crossover_eta_01,-9.277921077704976e-05,0.00041721912346671475,-0.00013855132945542192,10,2,6,DTLZ2,neutral,0.001035052118196875,DTLZ2_n6_m2,0.01
2000,crossover,0.0007280647700720786,-0.0007831991175227671,DTLZ,True,crossover_eta_02,-3.729166025594477e-05,0.0002761640722603733,-0.00014061230461634433,10,2,6,DTLZ2,neutral,0.0013111419407034874,DTLZ2_n6_m2,0.01
2000,crossover,0.00036099392991610564,-0.001050131412575907,DTLZ,True,crossover_eta_03,-0.0003458697945352418,-0.0001919388733101806,-0.0006546014375208575,10,2,6,DTLZ2,neutral,0.00118590449747517,DTLZ2_n6_m2,0.01
2000,crossover,0.0011449952044877843,-0.00010381276652066034,DTLZ,True,crossover_eta_04,0.000507820471729492,2.4482910827846627e-05,0.0003491712592500751,10,2,6,DTLZ2,neutral,0.0010772073862618879,DTLZ2_n6_m2,0.01
2000,selection,0.0007673717550633954,-0.00014421321028082592,DTLZ,True,selection_tournament_01,0.00031044942253261596,5.3900620864250937e-05,0.00032856830719318886,10,2,6,DTLZ2,neutral,0.0007910050648643923,DTLZ2_n6_m2,0.01
2000,selection,0.000653160391627096,-0.0005958671428150797,DTLZ,True,selection_tournament_02,4.215099415866286e-05,2.1677712872108548e-05,2.746586829113773e-05,10,2,6,DTLZ2,neutral,0.0010982814203991552,DTLZ2_n6_m2,0.01
2000,selection,0.0006829822014563515,-0.0007203010404633094,DTLZ,True,selection_tournament_03,-6.294334131085044e-06,2.1516548576579543e-05,0.00010535027734911995,10,2,6,DTLZ2,neutral,0.0012124701823680124,DTLZ2_n6_m2,0.01
2000,mutation,0.015568153083076833,0.00034195245793272854,DTLZ,True,mutation_prob_01,0.007953921233690847,-0.005938815304644291,0.005868190124943745,10,3,7,DTLZ2,neutral,0.01299250364915274,DTLZ2_n7_m3,0.01
2000,mutation,0.007783865339657172,-0.00633477987499887,DTLZ,True,mutation_prob_02,0.0012409243061476337,-0.00329678183888856,0.0026591072803221205,10,3,7,DTLZ2,neutral,0.012054093082915104,DTLZ2_n7_m3,0.01
2000,mutation,0.0016398846533083574,-0.015493035809837916,DTLZ,True,mutation_prob_03,-0.007300498737745509,-0.002587884262576355,-0.006386845001126296,10,3,7,DTLZ2,neutral,0.014763712961872776,DTLZ2_n7_m3,0.01
2000,mutation,-0.0046892898669489615,-0.028492408019981513,DTLZ,True,mutation_prob_04,-0.016241875847572872,0.005423335512674892,-0.017900982290498996,10,3,7,DTLZ2,neutral,0.020439121711564298,DTLZ2_n7_m3,0.01
2000,mutation,-0.029930207268175718,-0.05240619342725674,DTLZ,True,mutation_prob_05,-0.04075272394184485,0.01231257375952884,-0.03609168524655437,10,3,7,DTLZ2,negative,0.018979321730730154,DTLZ2_n7_m3,0.01
2000,mutation,-0.0054033397766436175,-0.020868107750246848,DTLZ,True,mutation_eta_01,-0.01325665529716224,0.0002171075605057027,-0.015796895694781266,10,3,7,DTLZ2,neutral,0.013284984809730851,DTLZ2_n7_m3,0.01
2000,mutation,-0.006568569514978578,-0.02152333006593806,DTLZ,True,mutation_eta_02,-0.014375460341041401,0.005333444429995229,-0.01590365076377856,10,3,7,DTLZ2,neutral,0.013062999085186797,DTLZ2_n7_m3,0.01
2000,mutation,0.0018329090919754552,-0.011570945496264418,DTLZ,True,mutation_eta_03,-0.005205193550579479,-0.0031675300783006316,-0.00335953086152202,10,3,7,DTLZ2,neutral,0.011413580499226946,DTLZ2_n7_m3,0.01
2000,mutation,0.01164959076609822,-0.006478874063678506,DTLZ,True,mutation_eta_04,0.0024770317610870785,-0.0007082421358995117,0.0029867850233668836,10,3,7,DTLZ2,neutral,0.015598298140790294,DTLZ2_n7_m3,0.01
2000,mutation,0.0036551044144701346,-0.009734046677565786,DTLZ,True,mutation_eta_05,-0.003509728879880597,0.0014795370992569834,-0.006488223641990365,10,3,7,DTLZ2,neutral,0.011403310933082219,DTLZ2_n7_m3,0.01
2000,crossover,-0.009807707483108618,-0.025399367661118187,DTLZ,True,crossover_prob_01,-0.018167819014000185,0.0003422668557916425,-0.01914752539919609,10,3,7,DTLZ2,neutral,0.013410520624248924,DTLZ2_n7_m3,0.01
2000,crossover,-0.011783889263109746,-0.029159873767241162,DTLZ,True,crossover_prob_02,-0.019685134564826408,0.007375341070541466,-0.01737851733923787,10,3,7,DTLZ2,negative,0.014731887283240848,DTLZ2_n7_m3,0.01
2000,crossover,-0.0022104303560921915,-0.018984793405976568,DTLZ,True,crossover_prob_03,-0.010963540537429633,0.003660456241629628,-0.014970938469480527,10,3,7,DTLZ2,neutral,0.014738816562298708,DTLZ2_n7_m3,0.01
2000,crossover,0.0056068576917957195,-0.014780213976280246,DTLZ,True,crossover_eta_01,-0.004677395871204709,-0.002787888129369617,-0.004483357495458501,10,3,7,DTLZ2,neutral,0.01769849561130602,DTLZ2_n7_m3,0.01
2000,crossover,0.0025244399656731177,-0.025327790077560936,DTLZ,True,crossover_eta_02,-0.009658669161880412,-0.000874035432867784,-0.0075419751270250635,10,3,7,DTLZ2,neutral,0.023948809669597265,DTLZ2_n7_m3,0.01
2000,crossover,0.007164287094586889,-0.01405995206902382,DTLZ,True,crossover_eta_03,-0.003964674613889224,0.0007665327890568577,-0.0070324308367560595,10,3,7,DTLZ2,neutral,0.018617346195642016,DTLZ2_n7_m3,0.01
2000,crossover,0.015948334805269002,-0.010641586570732296,DTLZ,True,crossover_eta_04,0.0021236938662851645,-0.00438587047928572,-0.004073076293954592,10,3,7,DTLZ2,neutral,0.023148616428514526,DTLZ2_n7_m3,0.01
2000,selection,0.0017819914513089808,-0.018976653667785195,DTLZ,True,selection_tournament_01,-0.008849855664890932,0.0014581093180207547,-0.015957529134994708,10,3,7,DTLZ2,neutral,0.017931537332061872,DTLZ2_n7_m3,0.01
2000,selection,0.006506978470189538,-0.012257889574035084,DTLZ,True,selection_tournament_02,-0.0036578687617304538,9.406008580789271e-05,-0.005632014967843074,10,3,7,DTLZ2,neutral,0.016155947068833842,DTLZ2_n7_m3,0.01
2000,selection,0.0009556109481247825,-0.016871617482974555,DTLZ,True,selection_tournament_03,-0.008108933676975799,0.0025895976674338824,-0.012507448250362513,10,3,7,DTLZ2,neutral,0.016095451730997336,DTLZ2_n7_m3,0.01
2000,mutation,0.05760861724811748,-0.023264662433290936,ZDT,True,mutation_prob_01,0.016284257014414633,-0.019812658596133143,0.028855061658936032,10,2,30,ZDT1,neutral,0.06937666062809165,ZDT1_n30_m2,0.01
2000,mutation,0.07173649779011798,0.007598275873130476,ZDT,True,mutation_prob_02,0.03976110963142197,-0.03427127118542085,0.038792963343052655,10,2,30,ZDT1,neutral,0.05335944836049524,ZDT1_n30_m2,0.01
2000,mutation,0.07852297759647796,0.02148681082869983,ZDT,True,mutation_prob_03,0.04758292676697062,-0.04834567925971676,0.05053332094172058,10,2,30,ZDT1,positive,0.05100693778179928,ZDT1_n30_m2,0.01
2000,mutation,0.0685045119210713,-0.0016070607238578144,ZDT,True,mutation_prob_04,0.0312502620684691,-0.03337825863175521,0.02979086257991609,10,2,30,ZDT1,neutral,0.06046599679698892,ZDT1_n30_m2,0.01
2000,mutation,0.03277628865012032,-0.028744917724349058,ZDT,True,mutation_prob_05,-0.002577327316959538,-0.00544679251073908,-0.007860412501512537,10,2,30,ZDT1,neutral,0.053582863848684305,ZDT1_n30_m2,0.01
2000,mutation,0.06802065026250376,0.005304087254890151,ZDT,True,mutation_eta_01,0.03441786445157455,-0.043235303689933925,0.03597732981834134,10,2,30,ZDT1,neutral,0.05501876627429866,ZDT1_n30_m2,0.01
2000,mutation,0.06142716862819785,0.0038061131020702644,ZDT,True,mutation_eta_02,0.02959219415163656,-0.03710813673179976,0.02320893144120495,10,2,30,ZDT1,neutral,0.04950222390838065,ZDT1_n30_m2,0.01
2000,mutation,0.029636210152137098,0.0004017433161976738,ZDT,True,mutation_eta_03,0.015216076419235208,-0.00914007710113486,0.01822077649231435,10,2,30,ZDT1,neutral,0.02566118799042526,ZDT1_n30_m2,0.01
2000,mutation,-0.02407862640184935,-0.06317114160418372,ZDT,True,mutation_eta_04,-0.04506208326617173,0.040575569253007975,-0.05447924602247378,10,2,30,ZDT1,negative,0.034708219935353286,ZDT1_n30_m2,0.01
2000,mutation,-0.04071253258998527,-0.09556158048861851,ZDT,True,mutation_eta_05,-0.06936711618015713,0.050221060415731364,-0.07662485563609389,10,2,30,ZDT1,negative,0.04773668588188146,ZDT1_n30_m2,0.01
2000,crossover,-0.04833044111643108,-0.18761628486262494,ZDT,True,crossover_prob_01,-0.11624021714551817,0.10249971791187636,-0.07531596312416233,10,2,30,ZDT1,negative,0.11712960200133445,ZDT1_n30_m2,0.01
2000,crossover,-0.0067201646448803625,-0.04897974852330615,ZDT,True,crossover_prob_02,-0.027869248053347135,0.021334057364311203,-0.025644597009652603,10,2,30,ZDT1,neutral,0.0364925110713281,ZDT1_n30_m2,0.01
2000,crossover,0.027871718542505714,-0.019786828956547656,ZDT,True,crossover_prob_03,0.0045533855505421935,-0.0016070013559333803,0.014926274455168143,10,2,30,ZDT1,neutral,0.0422750600710428,ZDT1_n30_m2,0.01
2000,crossover,0.07306962647644558,0.016921632091327205,ZDT,True,crossover_eta_01,0.04245495363680439,-0.04731175666458331,0.035252482863814605,10,2,30,ZDT1,positive,0.049808286618084,ZDT1_n30_m2,0.01
2000,crossover,0.03388696099722524,0.0026817124109509297,ZDT,True,crossover_eta_02,0.019500561501567808,-0.0184376996159424,0.023304870487602825,10,2,30,ZDT1,neutral,0.027166134802551256,ZDT1_n30_m2,0.01
2000,crossover,0.013757314736010523,-0.037955570877767415,ZDT,True,crossover_eta_03,-0.012830202211410763,0.010584544673594213,-0.016390580751074746,10,2,30,ZDT1,neutral,0.044032640908018776,ZDT1_n30_m2,0.01
2000,crossover,0.0022573554712259506,-0.06331223757334108,ZDT,True,crossover_eta_04,-0.03316566604966715,0.013057706147583618,-0.05691829826082995,10,2,30,ZDT1,neutral,0.05794652697289738,ZDT1_n30_m2,0.01
2000,selection,0.035309768817549235,-0.03433904568045885,ZDT,True,selection_tournament_01,-0.002578840269653998,-0.008658486961225492,-0.006811050318389189,10,2,30,ZDT1,neutral,0.06031579383673838,ZDT1_n30_m2,0.01
2000,selection,0.02135161691022927,-0.04410977785661813,ZDT,True,selection_tournament_02,-0.010838837115326645,0.01650278940348921,-0.012976427526173784,10,2,30,ZDT1,neutral,0.05737609714647694,ZDT1_n30_m2,0.01
2000,selection,0.006966181223900677,-0.07861425714733668,ZDT,True,selection_tournament_03,-0.037627759189353016,0.031150572295354183,-0.04994528885871602,10,2,30,ZDT1,neutral,0.072764824846507,ZDT1_n30_m2,0.01
2000,mutation,0.11590735176964508,-0.06755284568491442,ZDT,True,mutation_prob_01,0.024789604213728007,-0.03977959770847467,0.028378914799173385,10,2,30,ZDT2,neutral,0.15587540005417624,ZDT2_n30_m2,0.01
2000,mutation,0.09609013223259094,-0.024886641628214815,ZDT,True,mutation_prob_02,0.04288262579677944,-0.05848706883646643,0.048946348560045594,10,2,30,ZDT2,neutral,0.10545033627267843,ZDT2_n30_m2,0.01
2000,mutation,0.06563565755551012,-0.0668836456199797,ZDT,True,mutation_prob_03,0.004246265610722805,0.00437427522127406,0.04504587807360799,10,2,30,ZDT2,neutral,0.11408835234179399,ZDT2_n30_m2,0.01
2000,mutation,0.12111433105130104,-0.06817943209026515,ZDT,True,mutation_prob_04,0.023988017404519172,-0.07134944996835811,0.0525872542624987,10,2,30,ZDT2,neutral,0.1610160816404554,ZDT2_n30_m2,0.01
2000,mutation,0.010253739361824953,-0.12866946128646448,ZDT,True,mutation_prob_05,-0.0550689211294193,0.055459159545776,-0.018183614166014866,10,2,30,ZDT2,neutral,0.1201676154209882,ZDT2_n30_m2,0.01
2000,mutation,0.24557666424170052,0.12363915943050408,ZDT,True,mutation_eta_01,0.18465989274561073,-0.3518672985120651,0.2066973504682379,10,2,30,ZDT2,positive,0.10290462722024643,ZDT2_n30_m2,0.01
2000,mutation,0.16599833210111659,0.016082426286705597,ZDT,True,mutation_eta_02,0.09441477577525896,-0.23333442381423705,0.12390184520864914,10,2,30,ZDT2,positive,0.12927929510802574,ZDT2_n30_m2,0.01
2000,mutation,0.09611781835057248,-0.052152856238153016,ZDT,True,mutation_eta_03,0.024000634904707642,-0.055488391966424876,0.020710712821484494,10,2,30,ZDT2,neutral,0.12519579835214514,ZDT2_n30_m2,0.01
2000,mutation,0.00727189856264354,-0.12204477454172995,ZDT,True,mutation_eta_04,-0.05310500728604217,0.09508152905912555,-0.0332515681373171,10,2,30,ZDT2,neutral,0.11145200365244547,ZDT2_n30_m2,0.01
2000,mutation,-0.026898853374803532,-0.1534185848770119,ZDT,True,mutation_eta_05,-0.0869396613924977,0.17411276045315047,-0.05672851532289838,10,2,30,ZDT2,negative,0.11111063163123597,ZDT2_n30_m2,0.01
2000,crossover,-0.04170360836071457,-0.1801158366652814,ZDT,True,crossover_prob_01,-0.10594745337295586,0.2576425348830253,-0.05779318568854673,10,2,30,ZDT2,negative,0.11867544802006205,ZDT2_n30_m2,0.01
2000,crossover,-0.009047256449440055,-0.10725863723266102,ZDT,True,crossover_prob_02,-0.04955247532578198,0.09656343998479491,-0.04013944237834485,10,2,30,ZDT2,neutral,0.08505208531987113,ZDT2_n30_m2,0.01
2000,crossover,0.00250243602246283,-0.1261268990011278,ZDT,True,crossover_prob_03,-0.05990692735144878,0.12012504372751324,-0.014510483999496046,10,2,30,ZDT2,neutral,0.11386468307220779,ZDT2_n30_m2,0.01
2000,crossover,0.09271938220271343,-0.07226747810403122,ZDT,True,crossover_eta_01,0.012219578459745268,0.024147644394423427,0.03746931744114301,10,2,30,ZDT2,neutral,0.1417557988890113,ZDT2_n30_m2,0.01
2000,crossover,0.02733062432523918,-0.06823370598245129,ZDT,True,crossover_eta_02,-0.015365261243574882,0.01540690968617941,-0.0044020880792370164,10,2,30,ZDT2,neutral,0.08193220172622416,ZDT2_n30_m2,0.01
2000,crossover,0.023472035817325324,-0.10616067141296183,ZDT,True,crossover_eta_03,-0.03553111320387323,0.04677967223266233,-0.022075794919113118,10,2,30,ZDT2,neutral,0.11239746812612963,ZDT2_n30_m2,0.01
2000,crossover,-0.019264059080349276,-0.09673517509814078,ZDT,True,crossover_eta_04,-0.051233772777294885,0.0938043826780209,-0.03139916219081686,10,2,30,ZDT2,negative,0.06761554590196514,ZDT2_n30_m2,0.01
2000,selection,0.050753327803251994,-0.13173431321762002,ZDT,True,selection_tournament_01,-0.04400750099302231,0.08393640402677591,-0.008276292934174378,10,2,30,ZDT2,neutral,0.15637986938401446,ZDT2_n30_m2,0.01
2000,selection,0.045107171824126845,-0.09487115777305896,ZDT,True,selection_tournament_02,-0.023017625605791375,0.036432242963536046,0.003061936902536512,10,2,30,ZDT2,neutral,0.12027409380554106,ZDT2_n30_m2,0.01
2000,selection,0.09200062784685667,-0.11684332799505383,ZDT,True,selection_tournament_03,-0.017934967083722983,0.027085014232219696,-0.02720175630959358,10,2,30,ZDT2,neutral,0.1747657655156594,ZDT2_n30_m2,0.01
2000,mutation,0.03233922199086335,-0.00039090045012029446,ZDT,True,mutation_prob_01,0.016896285241628884,-0.001956924713773451,0.02468814033215777,10,2,30,ZDT3,neutral,0.028024600816710984,ZDT3_n30_m2,0.01
2000,mutation,0.04850553790738633,0.030342566268508554,ZDT,True,mutation_prob_02,0.04045739276396811,-0.026621091341252023,0.04404350632224363,10,2,30,ZDT3,positive,0.015506812797302575,ZDT3_n30_m2,0.01
2000,mutation,0.06074511078326463,0.01572005568192604,ZDT,True,mutation_prob_03,0.039420803662632155,-0.017631940595529416,0.05270007964777307,10,2,30,ZDT3,positive,0.03858275295747854,ZDT3_n30_m2,0.01
2000,mutation,0.05351438209201209,0.028506695503282074,ZDT,True,mutation_prob_04,0.04100631562799638,-0.03003757498426305,0.04371976311670028,10,2,30,ZDT3,positive,0.021251003030049325,ZDT3_n30_m2,0.01
2000,mutation,0.034279648310890816,-0.004946598765540354,ZDT,True,mutation_prob_05,0.017151667338215004,-0.0024888000064135656,0.027294932579016662,10,2,30,ZDT3,neutral,0.033681287221032453,ZDT3_n30_m2,0.01
2000,mutation,0.04706919980383626,0.011591085838891745,ZDT,True,mutation_eta_01,0.030208212322358763,-0.03166189273248928,0.038635916280721494,10,2,30,ZDT3,positive,0.02991607082687955,ZDT3_n30_m2,0.01
2000,mutation,0.045571805104753456,0.02543765345538436,ZDT,True,mutation_eta_02,0.0352816796353001,-0.01743928778453418,0.03857809983161903,10,2,30,ZDT3,positive,0.016855919454927332,ZDT3_n30_m2,0.01
2000,mutation,0.049454490043400315,0.024978794127679907,ZDT,True,mutation_eta_03,0.036991284904218526,-0.036991313414951196,0.03935003051729097,10,2,30,ZDT3,positive,0.02093818460319956,ZDT3_n30_m2,0.01
2000,mutation,0.007613002818615069,-0.03570898186207093,ZDT,True,mutation_eta_04,-0.01361576871185658,0.04150686856225507,-0.0033678754741614803,10,2,30,ZDT3,neutral,0.03762577195546819,ZDT3_n30_m2,0.01
2000,mutation,-0.02778183243742678,-0.06332212960931181,ZDT,True,mutation_eta_05,-0.0455044490672364,0.038263092565094206,-0.04473795155028393,10,2,30,ZDT3,negative,0.030295146770301526,ZDT3_n30_m2,0.01
2000,crossover,-0.01567806559406557,-0.07617226189629096,ZDT,True,crossover_prob_01,-0.044204462890604965,0.04424236099819283,-0.03207846526077751,10,2,30,ZDT3,negative,0.05152632614206202,ZDT3_n30_m2,0.01
2000,crossover,-0.009411895861003496,-0.0596523139267408,ZDT,True,crossover_prob_02,-0.03383694603827782,0.08266886517154018,-0.03193153248792163,10,2,30,ZDT3,neutral,0.042576819438056634,ZDT3_n30_m2,0.01
2000,crossover,0.031470790078328766,-0.011136755632203885,ZDT,True,crossover_prob_03,0.01063091281485315,-0.00776917376783316,0.017675742595114396,10,2,30,ZDT3,neutral,0.03668344368884877,ZDT3_n30_m2,0.01
2000,crossover,0.06882536260842627,0.040134037812207354,ZDT,True,crossover_eta_01,0.053939512882772156,-0.047197154069165505,0.04818061266275436,10,2,30,ZDT3,positive,0.024695916554039042,ZDT3_n30_m2,0.01
2000,crossover,0.03317717947992821,-0.007959871847427245,ZDT,True,crossover_eta_02,0.01414695642426379,0.004982571968052633,0.021781018321591183,10,2,30,ZDT3,neutral,0.03562159346499168,ZDT3_n30_m2,0.01
2000,crossover,0.0112286762763527,-0.046617983591011956,ZDT,True,crossover_eta_03,-0.016964811268472196,0.05260339498779493,-0.004818092535163243,10,2,30,ZDT3,neutral,0.04913348611853052,ZDT3_n30_m2,0.01
2000,crossover,0.0053178987293102135,-0.021664366092312412,ZDT,True,crossover_eta_04,-0.0076829571977185315,0.0453567843945354,-0.00807013492905051,10,2,30,ZDT3,neutral,0.022416223203465497,ZDT3_n30_m2,0.01
2000,selection,0.022955386995903854,-0.0025202893641984372,ZDT,True,selection_tournament_01,0.010297875370261417,0.007062264565059431,0.012316715836328596,10,2,30,ZDT3,neutral,0.021458687836944094,ZDT3_n30_m2,0.01
2000,selection,0.012317870722591304,-0.03207426019035766,ZDT,True,selection_tournament_02,-0.010940569760773882,0.018750602437537463,-0.014423508669471757,10,2,30,ZDT3,neutral,0.039734387432534435,ZDT3_n30_m2,0.01
2000,selection,0.01645811144642554,-0.026465695401213886,ZDT,True,selection_tournament_03,-0.004770408067111565,0.02256079744065295,0.0008259172975096374,10,2,30,ZDT3,neutral,0.0363575838175374,ZDT3_n30_m2,0.01
5000,mutation,0.045495186410829745,-0.019881913323809352,ZDT,True,mutation_prob_02,0.014791325793246633,-0.03694606554165429,0.029453631015854152,10,2,20,ZDT6,neutral,0.056375723704996425,ZDT6_n20_m2,0.01
5000,mutation,-0.0340190581226164,-0.07086276230996821,ZDT,True,mutation_prob_03,-0.052443844027688105,0.179414836449282,-0.06271168872970079,10,2,20,ZDT6,negative,0.03172235018796828,ZDT6_n20_m2,0.01
5000,mutation,-0.04526644110333507,-0.08116779688134076,ZDT,True,mutation_prob_04,-0.06314861118545775,0.614901952612968,-0.0684497793393861,10,2,20,ZDT6,negative,0.031178780516287623,ZDT6_n20_m2,0.01
5000,mutation,-0.04526644110333507,-0.08116779688134076,ZDT,True,mutation_prob_05,-0.06314861118545775,1.3291249907027431,-0.0684497793393861,10,2,20,ZDT6,negative,0.031178780516287623,ZDT6_n20_m2,0.01
5000,mutation,0.04026529469945634,-0.0138301813014299,ZDT,True,mutation_eta_01,0.01269665786559051,-0.028772827287304625,-0.0012322716273728135,10,2,20,ZDT6,neutral,0.04567072732388552,ZDT6_n20_m2,0.01
5000,mutation,0.048008908702759645,-0.006778299697332911,ZDT,True,mutation_eta_02,0.02176188256471031,-0.02956363201965557,0.030454920101934353,10,2,20,ZDT6,neutral,0.04729145135143612,ZDT6_n20_m2,0.01
5000,mutation,0.03938801495720606,-0.020062683246325715,ZDT,True,mutation_eta_03,0.008545662763285906,-0.0034925208892052583,0.007302646455224965,10,2,20,ZDT6,neutral,0.05119919948752004,ZDT6_n20_m2,0.01
5000,mutation,0.03239414433067611,-0.026254388898564334,ZDT,True,mutation_eta_04,-0.0009293120184781564,0.02178604337516312,-0.00847803842088772,10,2,20,ZDT6,neutral,0.050851221266066504,ZDT6_n20_m2,0.01
5000,mutation,-0.012411026482848364,-0.05284149979192598,ZDT,True,mutation_eta_05,-0.033210948673726245,0.4257061359595419,-0.030727874809184215,10,2,20,ZDT6,negative,0.035658678949715285,ZDT6_n20_m2,0.01
5000,crossover,-0.04526644110333507,-0.08116779688134076,ZDT,True,crossover_prob_01,-0.06314861118545775,0.33980574578750017,-0.0684497793393861,10,2,20,ZDT6,negative,0.031178780516287623,ZDT6_n20_m2,0.01
5000,crossover,-0.014975919425691573,-0.061318559000089035,ZDT,True,crossover_prob_02,-0.03650521839997416,0.13256919841531373,-0.02102274415699417,10,2,20,ZDT6,negative,0.040749741962479734,ZDT6_n20_m2,0.01
5000,crossover,0.08257870886798402,0.02231046382495864,ZDT,True,crossover_prob_03,0.053698362110810624,-0.08957556088680094,0.043102365312505,10,2,20,ZDT6,positive,0.051739831032194886,ZDT6_n20_m2,0.01
5000,crossover,0.0762971881360172,0.027085383848871263,ZDT,True,crossover_eta_01,0.05212686318813704,-0.0850283192468466,0.05877953691159038,10,2,20,ZDT6,positive,0.044135064283919424,ZDT6_n20_m2,0.01
5000,crossover,0.04898683202900817,-0.011953047279463586,ZDT,True,crossover_eta_02,0.019412248400867495,-0.033221160558041515,0.016816435088714374,10,2,20,ZDT6,neutral,0.05392327293354861,ZDT6_n20_m2,0.01
5000,crossover,0.02050734018677682,-0.03772084188068015,ZDT,True,crossover_eta_03,-0.009273421589841981,0.030342024759880837,-0.022579352784557645,10,2,20,ZDT6,neutral,0.04934444272535779,ZDT6_n20_m2,0.01
5000,crossover,-0.004973029535815965,-0.04207332839638095,ZDT,True,crossover_eta_04,-0.02374834161755466,0.05356148120079811,-0.024622429482235707,10,2,20,ZDT6,neutral,0.0328264811703976,ZDT6_n20_m2,0.01
5000,selection,0.10590907565055188,0.060087662508139496,ZDT,True,selection_tournament_01,0.08454779113838563,-0.13343528028992893,0.10407498028339593,10,2,20,ZDT6,positive,0.03980432204312713,ZDT6_n20_m2,0.01
5000,selection,0.0976716971563407,0.06976387769917779,ZDT,True,selection_tournament_02,0.0840812468017427,-0.13656012720328287,0.08051925512115538,10,2,20,ZDT6,positive,0.024717360217227338,ZDT6_n20_m2,0.01
5000,selection,0.11644897203906353,0.0655745238439457,ZDT,True,selection_tournament_03,0.09021380086229434,-0.14204636516962946,0.09445866702975725,10,2,20,ZDT6,positive,0.04415489349434814,ZDT6_n20_m2,0.01
10000,mutation,0.04563280553113013,0.013789843612585813,ZDT,True,mutation_prob_01,0.030205464045620085,-0.02093327044914962,0.03385316440298966,10,2,30,ZDT6,positive,0.027221202328924294,ZDT6_n30_m2,0.01
10000,mutation,-0.023609598914507965,-0.07827792988549676,ZDT,True,mutation_prob_02,-0.0515636626251339,0.03592266980923298,-0.06396283344780693,10,2,30,ZDT6,negative,0.048973296945271964,ZDT6_n30_m2,0.01
10000,mutation,-0.30533728710288904,-0.34154988461511987,ZDT,True,mutation_prob_03,-0.32318443914967376,0.46993168888317555,-0.3243123327523909,10,2,30,ZDT6,negative,0.031890245316894265,ZDT6_n30_m2,0.01
10000,mutation,-0.31624644580735656,-0.351994275295335,ZDT,True,mutation_prob_04,-0.3341936302534009,1.022974049404289,-0.33123161479811536,10,2,30,ZDT6,negative,0.031627678640617975,ZDT6_n30_m2,0.01
10000,mutation,-0.31624644580735656,-0.351994275295335,ZDT,True,mutation_prob_05,-0.3341936302534009,1.7818231239422666,-0.33123161479811536,10,2,30,ZDT6,negative,0.031627678640617975,ZDT6_n30_m2,0.01
10000,mutation,0.04520162919762738,-0.01855103347038348,ZDT,True,mutation_eta_01,0.015403693978688493,-0.009348807564439001,0.029017321439719163,10,2,30,ZDT6,neutral,0.054662036573643345,ZDT6_n30_m2,0.01
10000,mutation,0.0349019969729098,-0.013142333478999575,ZDT,True,mutation_eta_02,0.011968629152920318,-0.0073048450679395515,0.010778573618437676,10,2,30,ZDT6,neutral,0.04189408810479522,ZDT6_n30_m2,0.01
10000,mutation,0.02040197155486139,-0.017099312406020528,ZDT,True,mutation_eta_03,0.001368350812218816,-0.0005128044767452572,0.002901705302405966,10,2,30,ZDT6,neutral,0.03269298267570623,ZDT6_n30_m2,0.01
10000,mutation,0.0017696421507858396,-0.049672243757360963,ZDT,True,mutation_eta_04,-0.023697087447882147,0.020628775159140942,-0.02322715359717553,10,2,30,ZDT6,neutral,0.043589544670392985,ZDT6_n30_m2,0.01
10000,mutation,-0.03417263279411162,-0.09192004027808444,ZDT,True,mutation_eta_05,-0.063090993360098,0.05270033304831852,-0.06514259995893333,10,2,30,ZDT6,negative,0.048928151403541446,ZDT6_n30_m2,0.01
10000,crossover,-0.09566692596874189,-0.1593624062257008,ZDT,True,crossover_prob_01,-0.12891240055748093,0.1136216571034808,-0.12814114754968525,10,2,30,ZDT6,negative,0.054814488373270395,ZDT6_n30_m2,0.01
10000,crossover,-0.0016654316331889995,-0.060229207523018496,ZDT,True,crossover_prob_02,-0.030342210093861798,0.02169899065452196,-0.03133930481265426,10,2,30,ZDT6,neutral,0.05133423055271587,ZDT6_n30_m2,0.01
10000,crossover,0.04362662455692053,0.0039502458963861535,ZDT,True,crossover_prob_03,0.024269065277568114,-0.016073604377097282,0.022040241708888658,10,2,30,ZDT6,neutral,0.03496560415712744,ZDT6_n30_m2,0.01
10000,crossover,0.07974729213298698,0.0501183759349275,ZDT,True,crossover_eta_01,0.06437510073563076,-0.042089314841570025,0.05462107363978713,10,2,30,ZDT6,positive,0.026555558609775227,ZDT6_n30_m2,0.01
10000,crossover,0.05450673094961496,0.007831823659009805,ZDT,True,crossover_eta_02,0.03169500348279253,-0.02127023247619335,0.03806109742783764,10,2,30,ZDT6,neutral,0.04078130319803103,ZDT6_n30_m2,0.01
10000,crossover,0.013543951208144821,-0.02737372271877937,ZDT,True,crossover_eta_03,-0.007070160454045377,0.005471774519822453,-0.005339248774738764,10,2,30,ZDT6,neutral,0.03529180333629214,ZDT6_n30_m2,0.01
10000,crossover,-0.022607572327879667,-0.0689837275424213,ZDT,True,crossover_eta_04,-0.04506432383627305,0.034679399531638344,-0.041575568531272394,10,2,30,ZDT6,negative,0.039362331078319615,ZDT6_n30_m2,0.01
10000,selection,0.05756481265160101,0.02007967657720764,ZDT,True,selection_tournament_01,0.03966996003140138,-0.026734065487341186,0.04076107025167777,10,2,30,ZDT6,positive,0.03253751392156905,ZDT6_n30_m2,0.01
10000,selection,0.057826790279788334,0.01905331739745579,ZDT,True,selection_tournament_02,0.03854919576241288,-0.02615905055643656,0.045529915461066994,10,2,30,ZDT6,positive,0.03342703138276809,ZDT6_n30_m2,0.01
10000,selection,0.06700815364839889,0.034215715277894916,ZDT,True,selection_tournament_03,0.052555426395801644,-0.03443563985943579,0.06187002067219191,10,2,30,ZDT6,positive,0.02882611681551456,ZDT6_n30_m2,0.01
2000,mutation,0.00037874049699390927,-0.0020379213663351023,DTLZ,True,mutation_prob_01,-0.0008394334979209328,0.0007212017389835893,-0.0009666490984791276,10,2,9,DTLZ2,neutral,0.002053455761071458,DTLZ2_n9_m2,0.01
2000,mutation,0.000980783196728629,-0.001294106533748105,DTLZ,True,mutation_prob_02,-0.00016900431527673842,0.0008191839292016161,-0.00017298000409129988,10,2,9,DTLZ2,neutral,0.0019956108202025696,DTLZ2_n9_m2,0.01
2000,mutation,-0.00048134756555142836,-0.001790061873614144,DTLZ,True,mutation_prob_03,-0.0011251754911886346,0.0010053634113136776,-0.0011840489301311319,10,2,9,DTLZ2,neutral,0.0011212263559401982,DTLZ2_n9_m2,0.01
2000,mutation,-0.0019192636080048666,-0.003336289638258763,DTLZ,True,mutation_prob_04,-0.0026093676708303093,0.001313282394519563,-0.002837472885669101,10,2,9,DTLZ2,neutral,0.0012341942287260937,DTLZ2_n9_m2,0.01
2000,mutation,-0.0056169272292192155,-0.0073842108827530464,DTLZ,True,mutation_prob_05,-0.006544961495389523,0.0035295424750846336,-0.006816981754896589,10,2,9,DTLZ2,neutral,0.00154429274506206,DTLZ2_n9_m2,0.01
2000,mutation,-0.003251456653761955,-0.0070253541133697105,DTLZ,True,mutation_eta_01,-0.005169291820806854,0.0038103605430947346,-0.005106201057130111,10,2,9,DTLZ2,neutral,0.0032444908736872628,DTLZ2_n9_m2,0.01
2000,mutation,-0.002584915448818696,-0.004076840572063803,DTLZ,True,mutation_eta_02,-0.003304827533097332,0.003576719754398952,-0.0030083337459926307,10,2,9,DTLZ2,neutral,0.0013069305510770457,DTLZ2_n9_m2,0.01
2000,mutation,-0.0005184196599303991,-0.0022728298387977718,DTLZ,True,mutation_eta_03,-0.0013230281781459463,0.0013266721929040537,-0.0012633919492574253,10,2,9,DTLZ2,neutral,0.0014922109713035505,DTLZ2_n9_m2,0.01
2000,mutation,0.0003920614496278815,-0.0014014359243923792,DTLZ,True,mutation_eta_04,-0.0004884356772608788,0.0009699914662543408,-0.0007517377156825433,10,2,9,DTLZ2,neutral,0.0016034765686554155,DTLZ2_n9_m2,0.01
2000,mutation,-0.0006668909970848672,-0.0035402834609155904,DTLZ,True,mutation_eta_05,-0.002095943225551189,0.002031832432409942,-0.0021794383777914705,10,2,9,DTLZ2,neutral,0.0024806273776457207,DTLZ2_n9_m2,0.01
2000,crossover,-0.0021596419970260185,-0.0047248567723787655,DTLZ,True,crossover_prob_01,-0.003411339565221516,0.004080091724038746,-0.003409914404318898,10,2,9,DTLZ2,neutral,0.002242869182301491,DTLZ2_n9_m2,0.01
2000,crossover,-0.00044955511958550277,-0.0022780938854321323,DTLZ,True,crossover_prob_02,-0.0013670165610286556,0.001530581310552084,-0.0013375305047494401,10,2,9,DTLZ2,neutral,0.0015718236014037473,DTLZ2_n9_m2,0.01
2000,crossover,0.0007061650134078965,-0.000748812281229416,DTLZ,True,crossover_prob_03,-1.8193957218853864e-05,0.00018036858433552634,-5.242083573805956e-05,10,2,9,DTLZ2,neutral,0.0012411812457448542,DTLZ2_n9_m2,0.01
2000,crossover,0.000393707250310504,-0.0010922721444620977,DTLZ,True,crossover_eta_01,-0.0003525359963697849,0.00010759369683262381,-0.0006191069977523056,10,2,9,DTLZ2,neutral,0.0012753240193845651,DTLZ2_n9_m2,0.01
2000,crossover,0.0005561971315461749,-0.0017149250764011688,DTLZ,True,crossover_eta_02,-0.00043963605506753265,0.0005739349873694832,1.5942988329076258e-05,10,2,9,DTLZ2,neutral,0.0019585339932385953,DTLZ2_n9_m2,0.01
2000,crossover,0.00045168140240607976,-0.0015228995424376114,DTLZ,True,crossover_eta_03,-0.0005180585705414131,0.0011822149005156668,-0.0008717878316223115,10,2,9,DTLZ2,neutral,0.0016991640750854404,DTLZ2_n9_m2,0.01
2000,crossover,0.0010309870538849882,-0.0007996881562012327,DTLZ,True,crossover_eta_04,0.00012454613457685282,0.0012402358449448256,-3.098742852092329e-06,10,2,9,DTLZ2,neutral,0.001584219565657843,DTLZ2_n9_m2,0.01
2000,selection,0.0004761853402412785,-0.0010691658570145975,DTLZ,True,selection_tournament_01,-0.0002981937157076009,0.0003249532396552457,-0.0005230203058061433,10,2,9,DTLZ2,neutral,0.001309077261247629,DTLZ2_n9_m2,0.01
2000,selection,0.0007121964664390368,-8.869417524839605e-05,DTLZ,True,selection_tournament_02,0.000331006180480764,0.00028382476323412945,0.0003662840496474473,10,2,9,DTLZ2,neutral,0.0007005901718046647,DTLZ2_n9_m2,0.01
2000,selection,0.0010968754970552658,-9.973910539124233e-05,DTLZ,True,selection_tournament_03,0.0005022150392939185,0.00018365325921351153,0.0004641672037178912,10,2,9,DTLZ2,neutral,0.0010574551023532753,DTLZ2_n9_m2,0.01
2000,mutation,0.00951998412189561,-0.02035227806601924,DTLZ,True,mutation_prob_01,-0.004461758929993925,0.004165985452938845,-0.005508421803618102,10,3,10,DTLZ2,neutral,0.025852287084764017,DTLZ2_n10_m3,0.01
2000,mutation,-0.013019344595194679,-0.028815935755205416,DTLZ,True,mutation_prob_03,-0.021757222314576618,0.007873328418270011,-0.02169015263228552,10,3,10,DTLZ2,negative,0.012720049568920458,DTLZ2_n10_m3,0.01
2000,mutation,-0.022381353085493768,-0.04365566985516377,DTLZ,True,mutation_prob_04,-0.03263171484413102,0.012606453274393312,-0.028226399814608977,10,3,10,DTLZ2,negative,0.018257602207660296,DTLZ2_n10_m3,0.01
2000,mutation,-0.04371802241953162,-0.08122073145648666,DTLZ,True,mutation_prob_05,-0.0610996545254759,0.023234639616266768,-0.05288154972942746,10,3,10,DTLZ2,negative,0.03186820802939328,DTLZ2_n10_m3,0.01
2000,mutation,-0.020660107459526334,-0.045944576575319813,DTLZ,True,mutation_eta_01,-0.03355801706046229,0.016696555545818004,-0.033990494663434484,10,3,10,DTLZ2,negative,0.021233382482236086,DTLZ2_n10_m3,0.01
2000,mutation,-0.013373291701383594,-0.038782631398281364,DTLZ,True,mutation_eta_02,-0.025061741086562044,0.010613739727614662,-0.018775661775308344,10,3,10,DTLZ2,negative,0.02204852217899631,DTLZ2_n10_m3,0.01
2000,mutation,0.0013807859804142082,-0.023252367847191237,DTLZ,True,mutation_eta_03,-0.011087882049769265,0.0027228238350039888,-0.00888204533225287,10,3,10,DTLZ2,neutral,0.021134330120984843,DTLZ2_n10_m3,0.01
2000,mutation,0.004989246892771496,-0.02359552050561867,DTLZ,True,mutation_eta_04,-0.008787484939897306,0.0079847442280709,-0.002764056203731907,10,3,10,DTLZ2,neutral,0.024542719206197022,DTLZ2_n10_m3,0.01
2000,mutation,0.007245331657011737,-0.018279563412634346,DTLZ,True,mutation_eta_05,-0.005554941223240339,0.006811554402691397,-0.008593959747388441,10,3,10,DTLZ2,neutral,0.02189776468311755,DTLZ2_n10_m3,0.01
2000,crossover,-0.01927627735863472,-0.03883352648781747,DTLZ,True,crossover_prob_01,-0.029080275000834616,0.013918036242489903,-0.0324145635837913,10,3,10,DTLZ2,negative,0.016957857083047406,DTLZ2_n10_m3,0.01
2000,crossover,-0.00914131393758954,-0.026838895951544043,DTLZ,True,crossover_prob_02,-0.017703533178253246,0.007718513598498664,-0.014698652151161729,10,3,10,DTLZ2,neutral,0.015162448302537644,DTLZ2_n10_m3,0.01
2000,crossover,0.008217290404031649,-0.010002658058819055,DTLZ,True,crossover_prob_03,-0.0008390895139982312,0.0010938571061351668,-0.00457651353004393,10,3,10,DTLZ2,neutral,0.01597416650725132,DTLZ2_n10_m3,0.01
2000,crossover,-0.005961125226199416,-0.0324397022800112,DTLZ,True,crossover_eta_01,-0.01775989121127496,0.004747677753391378,-0.009344221520789925,10,3,10,DTLZ2,neutral,0.02300870345257558,DTLZ2_n10_m3,0.01
2000,crossover,-0.0035538758022883666,-0.03566001016129762,DTLZ,True,crossover_eta_02,-0.01807080194721496,0.008935312403199624,-0.017806933813036163,10,3,10,DTLZ2,neutral,0.026824371745268936,DTLZ2_n10_m3,0.01
2000,crossover,0.006383763307496204,-0.018931779518249106,DTLZ,True,crossover_eta_03,-0.004959830516790003,0.003005273454370595,-0.007976347012699614,10,3,10,DTLZ2,neutral,0.021695202244319395,DTLZ2_n10_m3,0.01
2000,crossover,0.02554823579145553,-0.0020296483922301965,DTLZ,True,crossover_eta_04,0.011451271435173039,0.001695502338484707,0.006550388720817674,10,3,10,DTLZ2,neutral,0.023752615375770256,DTLZ2_n10_m3,0.01
2000,selection,0.005030007999198206,-0.021661515955511305,DTLZ,True,selection_tournament_01,-0.008695631444488806,0.00565166596497412,-0.012514171417509268,10,3,10,DTLZ2,neutral,0.023391167414424482,DTLZ2_n10_m3,0.01
2000,selection,0.0031292743703091475,-0.02955498888930157,DTLZ,True,selection_tournament_02,-0.013152553470348854,0.011908612138882677,-0.017030309342494332,10,3,10,DTLZ2,neutral,0.028419448092187365,DTLZ2_n10_m3,0.01
2000,selection,0.003954098493682219,-0.02374740365028806,DTLZ,True,selection_tournament_03,-0.011110885453677838,0.011147827566182683,-0.01698568719020327,10,3,10,DTLZ2,neutral,0.02335862006275298,DTLZ2_n10_m3,0.01
2000,mutation,-0.0001933171021993906,-0.005558897074541508,DTLZ,True,mutation_prob_01,-0.002654095855868166,0.0020584832411063383,-0.0009908495393230188,10,2,12,DTLZ2,neutral,0.004661018913386921,DTLZ2_n12_m2,0.01
2000,mutation,-0.00022608076867340553,-0.0026611317548968292,DTLZ,True,mutation_prob_02,-0.0015061632860106145,0.0002593631733994139,-0.0014875750471355365,10,2,12,DTLZ2,neutral,0.002166641203147905,DTLZ2_n12_m2,0.01
2000,mutation,-0.0015442673091318345,-0.0042496403765306945,DTLZ,True,mutation_prob_03,-0.0028751973738828816,0.0024868862708185627,-0.00287193150397258,10,2,12,DTLZ2,neutral,0.0023404017188339617,DTLZ2_n12_m2,0.01
2000,mutation,-0.003191055443350087,-0.007368119904352804,DTLZ,True,mutation_prob_04,-0.005294750456892677,0.003903356939436299,-0.005915079178758914,10,2,12,DTLZ2,neutral,0.003603718397439013,DTLZ2_n12_m2,0.01
2000,mutation,-0.008133513886760544,-0.012738742114218523,DTLZ,True,mutation_prob_05,-0.010494471110404292,0.007081481135086232,-0.012020950000779712,10,2,12,DTLZ2,neutral,0.004022382938137206,DTLZ2_n12_m2,0.01
2000,mutation,-0.010103864955193149,-0.017788860022367414,DTLZ,True,mutation_eta_01,-0.014018870529862892,0.011030919976914492,-0.014658213842572904,10,2,12,DTLZ2,negative,0.006633026877924142,DTLZ2_n12_m2,0.01
2000,mutation,-0.004939534767634725,-0.009323781137249285,DTLZ,True,mutation_eta_02,-0.007082917532071731,0.006432524053753335,-0.007351942740860401,10,2,12,DTLZ2,neutral,0.0036883478871656324,DTLZ2_n12_m2,0.01
2000,mutation,-0.0009344497206577229,-0.005242045530599162,DTLZ,True,mutation_eta_03,-0.0031145306274512063,0.002053933623510088,-0.003611490888886848,10,2,12,DTLZ2,neutral,0.0037712990185789583,DTLZ2_n12_m2,0.01
2000,mutation,-0.0002338657939148386,-0.008479935641597384,DTLZ,True,mutation_eta_04,-0.00391340605181677,0.0026054002166095358,-0.00038513890346025814,10,2,12,DTLZ2,neutral,0.007070086664325343,DTLZ2_n12_m2,0.01
2000,mutation,-0.004747484528618771,-0.01617045923394171,DTLZ,True,mutation_eta_05,-0.0104386562589181,0.011254794728230313,-0.008411034070923085,10,2,12,DTLZ2,neutral,0.009901588416533113,DTLZ2_n12_m2,0.01
2000,crossover,-0.004853607476319733,-0.010569456522700848,DTLZ,True,crossover_prob_01,-0.007794026055207026,0.008214882748816535,-0.008302723762493275,10,2,12,DTLZ2,neutral,0.0049458506520091905,DTLZ2_n12_m2,0.01
2000,crossover,-0.0018982226084472014,-0.008699292201896091,DTLZ,True,crossover_prob_02,-0.005238664613422905,0.004545084590658677,-0.00566306685878476,10,2,12,DTLZ2,neutral,0.005776874650596179,DTLZ2_n12_m2,0.01
2000,crossover,0.0030129066290069508,-0.0005567870284884377,DTLZ,True,crossover_prob_03,0.0010995350573079488,-0.0009876288275954526,-0.00022294185625498786,10,2,12,DTLZ2,neutral,0.0030487880526342877,DTLZ2_n12_m2,0.01
2000,crossover,0.00179930018023318,-0.003451997668913698,DTLZ,True,crossover_eta_01,-0.0007918661662910997,5.406158405658057e-05,-0.0009944545549311623,10,2,12,DTLZ2,neutral,0.004663351906894695,DTLZ2_n12_m2,0.01
2000,crossover,0.0001109467733431423,-0.004047255595271735,DTLZ,True,crossover_eta_02,-0.001970264599023536,0.0009310724477738675,-0.002202905530606064,10,2,12,DTLZ2,neutral,0.0037465186226484466,DTLZ2_n12_m2,0.01
2000,crossover,0.001665209586429946,-0.0019568032714602024,DTLZ,True,crossover_eta_03,-0.00011676877467130531,0.0006524992020065838,-3.138352486334317e-05,10,2,12,DTLZ2,neutral,0.003179565368672797,DTLZ2_n12_m2,0.01
2000,crossover,-9.129022680148208e-05,-0.003519719034503753,DTLZ,True,crossover_eta_04,-0.0017626983944664942,0.0077065477580044155,-0.0017779241169286752,10,2,12,DTLZ2,neutral,0.0029990877551377302,DTLZ2_n12_m2,0.01
2000,selection,0.0018360480303737145,-0.0024057093855264834,DTLZ,True,selection_tournament_01,-0.00024521167056769654,2.4754915672187474e-06,-0.0003106296699157962,10,2,12,DTLZ2,neutral,0.00357915046866632,DTLZ2_n12_m2,0.01
2000,selection,0.0030881392472272427,-0.000820340422303086,DTLZ,True,selection_tournament_02,0.0011296922241617602,-0.001987180939713868,0.0015016491361805884,10,2,12,DTLZ2,neutral,0.0033975901182441634,DTLZ2_n12_m2,0.01
2000,selection,0.002231087360921649,-0.0021212699179141504,DTLZ,True,selection_tournament_03,0.00013612423147333353,-0.0007822127461142107,0.00016841947605009122,10,2,12,DTLZ2,neutral,0.003791062332495091,DTLZ2_n12_m2,0.01
