crossover_eta_12_available,crossover_eta_12_delta_crowding,crossover_eta_12_delta_empirical_hv,crossover_eta_12_delta_empirical_mean,crossover_eta_12_delta_nd_fraction,crossover_eta_12_delta_objective_spread,crossover_eta_12_delta_offspring_survival,crossover_eta_12_dominance_win_rate,crossover_eta_30_available,crossover_eta_30_delta_crowding,crossover_eta_30_delta_empirical_hv,crossover_eta_30_delta_empirical_mean,crossover_eta_30_delta_nd_fraction,crossover_eta_30_delta_objective_spread,crossover_eta_30_delta_offspring_survival,crossover_eta_30_dominance_win_rate,crossover_prob_08_available,crossover_prob_08_delta_crowding,crossover_prob_08_delta_empirical_hv,crossover_prob_08_delta_empirical_mean,crossover_prob_08_delta_nd_fraction,crossover_prob_08_delta_objective_spread,crossover_prob_08_delta_offspring_survival,crossover_prob_08_dominance_win_rate,mutation_double_available,mutation_double_delta_crowding,mutation_double_delta_empirical_hv,mutation_double_delta_empirical_mean,mutation_double_delta_nd_fraction,mutation_double_delta_objective_spread,mutation_double_delta_offspring_survival,mutation_double_dominance_win_rate,mutation_eta_30_available,mutation_eta_30_delta_crowding,mutation_eta_30_delta_empirical_hv,mutation_eta_30_delta_empirical_mean,mutation_eta_30_delta_nd_fraction,mutation_eta_30_delta_objective_spread,mutation_eta_30_delta_offspring_survival,mutation_eta_30_dominance_win_rate,mutation_eta_7_available,mutation_eta_7_delta_crowding,mutation_eta_7_delta_empirical_hv,mutation_eta_7_delta_empirical_mean,mutation_eta_7_delta_nd_fraction,mutation_eta_7_delta_objective_spread,mutation_eta_7_delta_offspring_survival,mutation_eta_7_dominance_win_rate,mutation_half_available,mutation_half_delta_crowding,mutation_half_delta_empirical_hv,mutation_half_delta_empirical_mean,mutation_half_delta_nd_fraction,mutation_half_delta_objective_spread,mutation_half_delta_offspring_survival,mutation_half_dominance_win_rate,probe_seed,selection_tournament_6_available,selection_tournament_6_delta_crowding,selection_tournament_6_delta_empirical_hv,selection_tournament_6_delta_empirical_mean,selection_tournament_6_delta_nd_fraction,selection_tournament_6_delta_objective_spread,selection_tournament_6_delta_offspring_survival,selection_tournament_6_dominance_win_rate,task_id
1,-7.746850951032003e-05,-0.001794050304239292,-0.5358145547384185,0.0,-0.003942907713121224,0.0,-0.02040816326530612,1,0.0008669207568246379,0.0029509007898687045,-0.5263668331992224,0.0,0.008682446015152667,0.020000000000000018,0.02040816326530612,1,0.0017209482696231154,-0.058927759907868804,-0.7089686333694563,0.0,-0.1727029564215956,-0.040000000000000036,-0.04081632653061225,,,,,,,,,1,-0.0003787126153873416,0.0045316934282308985,-0.5539163682366748,-0.020000000000000018,0.07055937696700543,-0.040000000000000036,0.0,1,0.0008447346808347633,-0.021626249672148212,-0.5123797766067142,0.0,0.009690288066020791,-0.040000000000000036,0.02040816326530612,,,,,,,,,200,1,0.004059330105926448,0.019380056535310164,-0.8424907185655381,0.01999999999999999,-0.17808027038525265,0.14,-0.017857142857142856,ZDT1_n10_m2
1,-0.0009393284028836879,-0.002409118611487404,-0.6633381059521687,0.0,-0.0006071447684650177,0.0,-0.0625,1,-0.001049483432116874,0.004389740479672888,-0.6684935927179526,0.0,0.001084036027026114,0.0,0.0625,1,0.0020485727262389286,-0.1281783736402331,0.12253463674152065,0.039999999999999994,0.15413145441794107,0.0,-0.20833333333333334,,,,,,,,,1,-0.000565946030781958,-0.0008481220218632401,-0.7372955684331081,0.020000000000000004,-0.06557556436627399,-0.020000000000000018,-0.15000000000000002,1,-0.0007208530173653943,0.014946565273739942,-0.5673940045124756,-0.020000000000000004,0.0875513546608262,0.020000000000000018,0.16666666666666669,,,,,,,,,201,1,0.00010371138569681415,-0.04119540254918075,-0.4712010426117704,0.08,0.0059236952007432064,0.12,-0.1875,ZDT1_n10_m2
1,8.343910950456279e-05,0.0021238710280564455,-0.47716493214580785,0.0,0.002979443162320905,0.020000000000000018,-0.024691358024691357,1,0.00015492265664247828,-0.0006623958986962108,-0.4689367061631255,0.0,0.004599973353857867,0.0,0.024691358024691357,1,0.003540135905359315,-0.05579860437150108,-0.153656692448835,0.0,0.14496478245930922,0.020000000000000018,-0.07407407407407407,,,,,,,,,1,0.0,0.00015190949760679473,-0.48509653848188955,0.0,-0.001763096019441468,0.0,-0.012345679012345678,1,0.0,-2.7306987179009923e-05,-0.49045524685179137,-0.01999999999999999,0.032946654238021233,-0.03999999999999998,0.013888888888888888,1,0.000998625485836166,-0.018545383573646212,-0.4092341826591413,-0.01999999999999999,0.1335632039831809,-0.020000000000000018,0.027777777777777783,200,1,0.004355356542106323,0.04878233314500635,-0.5462206555701996,0.04000000000000001,-0.03513657039422202,0.040000000000000036,-0.0606060606060606,ZDT1_n20_m2
1,0.0009264746227022058,0.0006800543110165869,-0.4510309134592304,0.0,0.0011000968374038633,0.0,-0.027777777777777776,1,-0.0008027527044429383,-0.0014300055765574804,-0.4522376253837428,0.0,-0.0021812941644041572,0.0,0.027777777777777776,1,0.0007693813642534186,0.20529442467182024,-0.9272019668728653,-0.01999999999999999,-0.18236566333894277,-0.020000000000000018,0.1,,,,,,,,,1,-0.000631558999215534,0.0007671226336696257,-0.45279887427472765,0.0,-0.00036313406076404764,0.0,0.027777777777777776,1,-0.0007987982448442316,-0.003733445479592312,-0.44517547018508263,0.0,0.0018462118525086613,0.0,-0.027777777777777776,1,0.0006060920617981108,0.05981048879778861,-0.5341951823010751,0.06,0.022281311506811452,0.0,0.05555555555555555,201,1,-0.0017663336831325038,0.18804460634747544,-0.5317695978860615,0.06,0.16626179833497035,0.040000000000000036,0.05555555555555555,ZDT1_n20_m2
1,4.054970968143945e-05,-0.0026445944946713595,-0.7813691095426721,0.0,-0.000963438714938869,0.0,-0.2222222222222222,1,-0.0012610561303363632,0.004557787203419039,-0.786207898743769,0.0,0.0016167436365300825,-0.020000000000000018,0.2222222222222222,1,-0.0016278464085301148,-0.34568846119071805,-0.7264508287467669,0.12,0.08742685874267209,0.0,-0.2962962962962963,,,,,,,,,1,-0.0003045267255799844,0.015695042610043508,-0.7921054744636192,0.0,0.006046279741578786,0.0,0.1111111111111111,1,0.002630410466758215,-0.07140428159669954,-0.7430070776848631,0.0,-0.027922645664763213,-0.020000000000000018,-0.1111111111111111,,,,,,,,,200,1,0.0010254918131534368,-0.1591620607947677,-0.9234220155907876,0.1,0.18319885565388128,0.15999999999999992,-0.16666666666666669,ZDT2_n10_m2
1,0.0012484517658843813,-0.001796882761129659,-1.0055703914415446,0.0,-0.0009018321570743448,0.0,0.0,1,0.001668165573346217,0.0033054546058246537,-1.0096422449784912,0.0,0.001680640858966076,0.020000000000000018,0.0,1,-0.0023088755523315158,-0.12748716588990128,-0.3680913178309344,0.04,0.022525854408610435,-0.07999999999999996,-0.5,,,,,,,,,1,0.00010480527102740833,-0.015350628007466227,-0.9879689508548348,0.0,-0.004297073870917989,0.0,-0.5,1,0.0006352898846294919,0.05923142555300043,-1.085528574813806,0.0,0.014026206470142688,0.020000000000000018,0.5,,,,,,,,,201,1,0.0007851302107956953,-0.18623199430749748,-0.6946779164125949,0.07999999999999999,0.1493826922866981,0.09999999999999998,-0.5,ZDT2_n10_m2
1,-4.858374100051577e-05,-0.001515139524904452,-0.9459252936087623,0.0,-0.00020418959161228045,0.0,0.0,1,1.7027820805745608e-05,0.0032460550397765964,-0.9473276092018035,0.0,0.0010686666057442284,0.0,-0.02040816326530612,1,-0.008237929878870773,0.04834473073994339,-0.7611547601273247,-0.020000000000000018,0.225043291973815,-0.020000000000000018,-0.023809523809523808,,,,,,,,,1,-0.0003580324920621214,-0.0008056754014789114,-0.9447534617237059,0.0,0.002980493287847108,0.0,-0.04081632653061225,1,-0.0003129896599461113,0.00354442983447667,-0.9413012801438021,-0.020000000000000018,0.030425408526489228,0.020000000000000018,0.07142857142857142,1,0.0006659383714781308,0.16171053197317553,-1.1103354751114936,-0.04000000000000001,0.13940811073934822,-0.12,0.17142857142857143,200,1,-0.0006543908173249069,0.1712609888388572,-1.0939596655621913,0.0,-0.01871168856919392,-0.039999999999999925,0.12244897959183673,ZDT2_n20_m2
1,1.0385870381143802e-05,-0.0014086131448953765,-0.8839109577149014,0.0,0.0008640657083260894,0.0,-0.0625,1,-0.0003448419682721693,0.003419916984987559,-0.8906678726243551,0.0,-0.0016058277871110471,0.0,0.0625,1,-0.0015167088204612739,0.19188092224551134,-1.2912390279503472,0.0,0.20822498491220498,0.020000000000000018,0.125,,,,,,,,,1,-0.00047611483670907673,-0.0003882514239084145,-0.8879833859664039,0.0,0.00030551909514520137,0.0,0.0625,1,-0.00020196853840080686,-0.0017499646526766277,-0.8738206023467765,0.0,-0.002180817480952002,-0.020000000000000018,-0.0625,1,0.004202271005677008,-0.03539464622637123,-1.2543467238239423,0.0,-0.2653023996074373,-0.040000000000000036,0.1875,201,1,0.0009690244696358152,0.15716782819004482,-2.1523682207946564,-0.04,-0.41324969410555257,0.039999999999999925,0.5,ZDT2_n20_m2
1,-3.133487211162689e-05,-0.0004624794699656931,-0.776073376610507,0.0,0.0005073239540926977,0.020000000000000018,0.0,1,-0.00244698526313869,0.00047404213331070366,-0.7636321787425675,0.0,-0.0012825576263908456,0.040000000000000036,0.0,1,-0.0019765355226473713,-0.07443306212106782,-0.7386048517639776,0.06000000000000001,-0.32152001290988763,0.08000000000000007,-0.10714285714285714,,,,,,,,,1,-0.00022455559540431047,0.0005489375455027812,-0.7678219905111625,0.0,0.0017689683932100575,0.020000000000000018,-0.125,1,-0.0011086707322243428,0.01612115532686209,-0.8234410648022177,0.0,-0.005206787668101898,0.040000000000000036,0.125,,,,,,,,,200,1,0.0025599617516583184,0.09044010342655762,-1.023776001456338,0.08,-0.2891140822101509,0.12,0.0,ZDT3_n10_m2
1,0.0001634920518108901,0.00027095631607343407,-0.6368353725849053,0.0,0.0011130930302802877,0.0,-0.12,1,-0.00020232433705673347,-0.002504640477711817,-0.6473718176579702,0.0,-0.0028935016324361795,0.020000000000000018,0.039999999999999994,1,0.003716252554269925,-0.0752039951307335,0.028525646536652904,0.04000000000000001,0.24317346024368947,-0.040000000000000036,-0.1142857142857143,,,,,,,,,1,0.00012106627948699211,-0.012319959673088743,-0.7037647866597289,-0.020000000000000004,0.0763264709854663,0.0,-0.09999999999999999,1,0.0006985361643577076,0.0325266172428611,-0.7549959942001688,-0.020000000000000004,0.08293333299673122,0.039999999999999925,0.15000000000000002,,,,,,,,,201,1,0.0013644698430369945,0.10074789370828796,-0.6547698102535947,0.06,0.10952858213370975,0.0,-0.05,ZDT3_n10_m2
1,6.042740517529788e-05,-0.003941831000699558,-0.5647989266530191,0.0,-0.0010007192428684863,0.0,-0.013888888888888888,1,-0.00013494312704397105,0.008012681399408361,-0.5749765602658856,0.0,0.0017938605026401877,0.0,0.006944444444444444,1,0.0009648997416119715,-0.03480445189293624,-0.4313385857743042,-0.06,0.09302790664854488,-0.07999999999999996,-0.009259259259259259,,,,,,,,,1,1.7025608048670815e-05,0.0003632866270844026,-0.5676940738225789,0.0,0.0001621780809287765,0.0,-0.006944444444444444,1,-5.81062506369856e-05,-0.0020613329746659304,-0.5686376062468479,0.0,-0.0008528493136193971,0.0,0.006944444444444444,1,0.002201438201496278,-0.20029729433174115,-0.5875948015964649,-0.07999999999999999,-0.1398712717648798,-0.07999999999999996,0.08333333333333333,200,1,0.0019494398654491124,-0.13453494856176818,-0.6303922803014208,-0.03999999999999998,-0.1466486935718332,0.0,-0.08333333333333334,ZDT3_n20_m2
1,0.001256784191426344,-0.0029036949884848617,-0.4165848701025043,0.0,-0.03491691849965006,-0.020000000000000018,-0.03,1,-0.0009585430570116377,0.00872975423884137,-0.36168000091578295,0.0,0.0014069247461654388,0.0,0.010000000000000002,1,-0.0003901770424975526,0.06688431359242175,-0.5815352021702507,-0.06,-0.16987852591608976,-0.040000000000000036,0.09999999999999999,,,,,,,,,1,-0.00022454822042190792,0.003297308952838307,-0.35860182692316317,0.0,-0.0003878453573953333,0.0,0.01,1,0.0003347497239262892,-0.017095999270096307,-0.3476667959322673,0.0,-0.00018746350225429254,0.0,-0.01,1,-0.002904327895633496,-0.011795243034795622,-0.4376598562779292,-0.04000000000000001,-0.02282327919860594,-0.040000000000000036,-0.05,201,1,0.0041801083355718915,0.07130465052129864,-0.8805999211392308,-0.06,-0.19677486946971812,0.09999999999999998,0.07142857142857142,ZDT3_n20_m2
1,0.00046155176760930006,0.0004839756398804518,-0.8596848136666061,0.0,-0.0017245359902674506,0.0,-0.027777777777777776,1,5.621315372808522e-05,-0.005607709956141793,-0.8007152771035239,0.0,0.011343532588674488,0.020000000000000018,0.0,1,-0.0008121218374609468,0.10150382465770802,-1.0397587914674618,0.020000000000000018,-0.013315233014094985,0.0,0.047619047619047616,,,,,,,,,1,6.449904669014739e-05,-0.00866443145319451,-0.8491478987082074,-0.039999999999999994,0.03724623780925429,0.0,0.041666666666666664,1,-0.001433693798230773,0.06946230329878578,-1.1045452712559047,-0.039999999999999994,-0.09223523469543193,0.0,0.08333333333333333,,,,,,,,,200,1,-0.004980625591115742,0.19509867906505773,-1.039445309314869,0.020000000000000018,0.05496072748436065,0.14,0.19047619047619047,ZDT4_n10_m2
1,-0.0005510991328928211,0.02048703301169974,-0.753816807688131,0.01999999999999999,-0.058727507436087456,-0.020000000000000018,0.06666666666666667,1,-0.0016190769505512181,-0.05777822112524866,-0.6889937608164584,0.0,-0.04955694418968015,-0.020000000000000018,0.04,1,-0.00026998436705104323,0.0,-0.7383313254602234,0.0,0.0,0.020000000000000018,0.0,,,,,,,,,1,-0.0006562795857715104,-0.12585677471969614,-0.6587180748127818,0.0,-0.08313534713618398,0.020000000000000018,0.04,1,-0.0024313388057831814,-0.046385907490213096,-0.7010016988542539,0.0,-0.043099366885979484,0.040000000000000036,0.0,,,,,,,,,201,1,0.003245731967906465,-0.06770047635140974,-1.2308030038719964,0.0,-0.39692033938389915,0.21999999999999997,0.28,ZDT4_n10_m2
1,0.00033778647361068503,0.0254601197887947,-1.5996301620976,0.0,0.1124284575626775,-0.019999999999999962,-0.046875,1,0.0009862585992742312,0.04800630704907327,-1.8423309830517411,-0.01999999999999999,0.12649470203844326,0.040000000000000036,0.0,1,0.0017707252067460238,0.8424112144924862,-2.720901445294917,-0.04000000000000001,0.025001908993006028,0.06000000000000005,0.10416666666666667,,,,,,,,,1,0.00011591406043663655,0.018227490707580785,-1.8684567586657537,0.0,0.003472084479332338,0.020000000000000018,0.0,1,0.001383567478705841,-0.06960491705562255,-1.4761070201491286,0.04000000000000001,0.03029087527412777,0.020000000000000018,-0.012499999999999997,,,,,,,,,200,1,0.0019004106174745489,2.605623886229271,-3.2071013966344237,-0.1,0.10504250693921491,0.21999999999999997,0.3333333333333333,ZDT6_n10_m2
1,-0.0003627097510291305,0.1157868103510804,-2.7510076395420113,0.0,0.02302227964616055,0.0,-0.0625,1,0.0004974818173660439,-0.2577588801666497,-2.8124611871406304,0.020000000000000004,-0.16360754449424952,0.0,0.0,1,-0.010680481251976237,1.5501161819663842,-5.032699826132982,-0.020000000000000004,-1.1850727307852111,-0.05999999999999994,0.0,,,,,,,,,1,-6.914480995132144e-05,0.09225515387625371,-2.6973649823681645,0.0,0.0009174908217044475,0.0,-0.125,1,-0.0018404924351535373,-0.2156922707616058,-2.536362216915004,0.020000000000000004,-0.2237758724281127,0.0,0.04999999999999999,,,,,,,,,201,1,-0.0037558084280389648,1.8489545469234194,-6.892772646562925,-0.04,-1.8584434301943107,0.06000000000000005,0.375,ZDT6_n10_m2
1,-0.004962409230835865,0.0019999729649471387,-0.5113330881607456,-0.020000000000000018,0.030323260614216307,0.0,0.0,1,0.0012149489507951444,-0.0033142458018868837,-0.3660396285060981,0.01999999999999999,0.01448755930708645,0.039999999999999925,-0.03571428571428571,1,-0.006131905128036685,-0.0022820982417210978,-0.44226431616314826,-0.04000000000000001,0.05710935187202537,-0.06000000000000005,0.0,1,-0.007734340613499771,0.008068923284830998,-0.33936866166745633,-0.020000000000000018,0.2177626322313042,0.0,-0.023809523809523808,1,-0.007342262258119972,0.0005450086844591695,-0.4242570206661476,0.01999999999999999,0.08039581097645199,-0.020000000000000018,-0.05357142857142857,1,0.0015384879763204046,0.006588004763020683,-0.5729154910132084,0.0,0.027644182263447004,-0.020000000000000018,0.020408163265306124,1,-2.366499172018477e-05,0.019051198253310364,-0.5543948244668968,-0.020000000000000018,0.11001461415630864,-0.08000000000000007,0.0,200,1,0.0018525063712892254,0.013639047996737874,-0.5362568649796025,0.03999999999999998,0.010349264534054048,0.07999999999999996,0.031746031746031744,DTLZ1_n6_m2
1,-0.001057585579490955,-0.006148191127381519,-0.30866585420880505,0.0,-0.012669892585941644,-0.020000000000000018,0.027777777777777776,1,0.0005186936990635993,0.0056668203107888004,-0.1431221896399904,0.020000000000000018,-0.05248862739051241,-0.040000000000000036,-0.07142857142857142,1,0.0,0.0,-0.2997201049491816,0.0,0.0,0.0,0.0,1,-0.004471484262271466,0.030667737417676255,-0.20668802248209056,0.020000000000000018,0.10557887987503145,-0.06000000000000005,0.07142857142857142,1,0.0006900281451463208,-0.006948687027382716,-0.2014647272331272,0.06,-0.06513705258412283,0.0,-0.05555555555555555,1,-0.0017759507025053578,-0.004857492236480354,-0.34268515785720083,0.04000000000000001,-0.07263111782612763,-0.06000000000000005,-0.0625,1,0.0019264945141887757,-0.029823829079924646,-0.018506557738428353,0.1,0.006848613347707699,-0.18000000000000005,-0.19696969696969696,201,1,0.0018126085408207149,0.013542258750105951,-0.4466173233285567,0.0,-0.19057592708889337,-0.020000000000000018,0.11111111111111112,DTLZ1_n6_m2
1,-0.0006728111528505887,-0.00038371844431983604,-0.4990556926279308,0.019999999999999962,0.0013368349169621263,0.020000000000000018,0.0,1,0.005418875506376708,0.009698705413221154,-0.5657648451339066,-0.08000000000000002,-0.029459008451253377,-0.020000000000000018,0.03571428571428571,1,-0.0030166594251744006,0.008949220254939716,-0.5348833058689627,0.019999999999999962,0.06056426823801614,-0.020000000000000018,0.014285714285714285,1,-0.0037881863129869547,-0.006793225885079357,0.1169271617976162,0.03999999999999998,0.17504912442434745,-0.020000000000000018,-0.04017857142857143,1,0.003246007127686551,-0.0020788690353210626,-0.29806540485031824,0.03999999999999998,0.008030621978413477,0.0,-0.013392857142857142,1,-0.000540697418238506,-0.0017407573839947066,-0.41088988400825277,-0.020000000000000018,0.024921169632197482,0.0,0.005494505494505494,1,-0.004960450379852016,-0.005351552381020808,-0.15833535686638428,0.0,0.1524767609997974,-0.020000000000000018,-0.015306122448979591,200,1,-0.004413008501532839,0.01365242536708866,-0.15410851767487466,0.03999999999999998,0.16893439707294194,0.05999999999999994,0.013392857142857142,DTLZ1_n7_m3
1,-0.0014005903238806516,0.000967862853547441,-0.1277960823874258,-0.040000000000000036,0.0040444527067797775,0.0,0.005494505494505495,1,-7.398337669094202e-05,-0.0010120244590663408,-0.1722998502788341,-0.020000000000000018,-0.02881177278802083,0.020000000000000018,-0.0013227513227513227,1,-0.0028624814552961203,0.005322498811828336,-0.14173213336466256,-0.24000000000000005,0.13925297299258121,0.020000000000000018,0.03125,1,0.0032404999139683116,0.015079491741184947,-0.03291499266501054,-0.28,0.23319368700221832,0.05999999999999994,0.03571428571428571,1,0.0010954429489934692,0.0058711474776795836,-0.13189592606816103,-0.20000000000000007,0.0771202613806723,0.039999999999999925,0.017857142857142856,1,-0.0019603895086993117,0.011030496346458474,-0.28918383604915526,-0.10000000000000003,-0.06626195050777461,0.0,0.015527950310559008,1,-0.004188626757856459,0.002545556617968403,-0.19141273506345208,-0.14000000000000007,0.07645017658443642,-0.10000000000000003,0.0034013605442176874,201,1,-0.002260461424126267,0.00925389762133566,-0.13277665788042042,-0.12000000000000005,0.1860196508653813,0.14,0.029220779220779217,DTLZ1_n7_m3
1,3.781889385454096e-05,0.00011526036904552228,-0.29386119027488555,0.0,0.00012733041567236647,0.0,0.0,1,-0.000276015382963693,-0.0002927704450703672,-0.293077490493423,0.0,-0.00025504534792808453,0.0,0.0,1,0.0002477019402063324,0.00947449730792993,-0.22850341149263653,-0.040000000000000036,-0.010372436709408794,0.0,-0.00784313725490196,1,0.002365213453850143,0.007408420079437317,-0.37304634749298815,-0.08000000000000002,0.09580442532203215,0.08000000000000002,0.013574660633484163,1,-0.00010384005242386474,-0.0014952307516131746,-0.28097444396199156,0.019999999999999962,0.01763868226449361,0.0,-0.0032679738562091504,1,-0.0005864282794970921,0.008153580992676712,-0.3350520827691513,-0.040000000000000036,-0.009731785194687315,-0.020000000000000018,0.011764705882352941,1,0.0011392190813150627,-0.017287056368368692,-0.3450962235735914,-0.020000000000000018,0.1141229519898117,0.08000000000000002,-0.00735294117647059,200,1,-0.0004056033597319292,0.06415495987851783,-0.4238339982481527,-0.10000000000000003,-0.005940937006192248,0.11999999999999994,0.05882352941176471,DTLZ2_n6_m2
1,-0.0010636734787849572,7.102581570883615e-05,-0.3413587193812757,0.0,-0.0014615706405353146,0.0,0.0,1,0.0009316333070142208,-0.00031822477756549006,-0.3468853309257982,0.0,0.0032136366738352296,-0.05999999999999994,0.0,1,0.0,0.0,-0.34306441045042513,0.0,0.0,0.0,0.0,1,-0.0004964762683995899,0.018092552878452572,-0.4351966581182428,0.04000000000000001,0.06612163589956055,0.020000000000000018,0.0625,1,-0.0005857708524245747,1.785972936874103e-05,-0.3432537734038579,0.0,-1.832636300547197e-05,0.0,0.015625,1,0.0006106926795540202,0.00246393986658644,-0.34732478580565507,0.01999999999999999,0.0010156063500497137,0.0,-0.013888888888888888,1,2.775896041196102e-05,0.009803057855528596,-0.35436516490910774,0.01999999999999999,0.013198732029919169,-0.020000000000000018,0.013888888888888888,201,1,-0.007311955477172255,0.051089199547667885,-0.5608999113902945,0.06,0.07500492875098874,0.16000000000000003,0.10227272727272728,DTLZ2_n6_m2
1,-9.781703324233948e-05,-0.0005789858397413639,-0.14868784027395898,-0.019999999999999907,-0.0065924253021993895,0.0,0.0012315270935960593,1,-1.1113960076566953e-05,0.0014303614008457366,-0.15361442850805979,-0.019999999999999907,-0.00624834963898202,0.0,-0.0012315270935960593,1,0.0024901056993715948,-0.004808429063294817,-0.10810528706614726,0.10000000000000009,-0.00044182797802749807,-0.040000000000000036,-0.002028397565922921,1,-0.001650537017099482,0.00905734973340655,-0.20468734577573555,0.10000000000000009,-0.031957741319050936,-0.06000000000000005,0.002028397565922921,1,0.0024161431495900304,-0.0025226538055287406,-0.1271772311817166,0.020000000000000018,-0.007915150237923774,-0.040000000000000036,0.0034482758620689655,1,-0.002872209905150372,0.006736993877764608,-0.13475854458484465,0.0,0.001255106005481288,0.0,-0.004756242568370987,1,0.001560078668973633,0.020505412983013116,-0.11272960437417313,0.12,-0.013274582663603374,-0.020000000000000018,-0.0029556650246305403,200,1,0.00040565840205714077,0.049288297635018186,-0.08577816283806382,-0.019999999999999907,-0.021205731371199077,0.019999999999999907,0.01354679802955665,DTLZ2_n7_m3
1,0.0064622437334045935,-0.002491009282719503,-0.11497074240089859,0.0,-0.0004911729612956384,0.0,-0.0025951557093425604,1,0.0011291887164170261,0.004876652953531568,-0.09189790407638072,0.0,-0.009199069235834134,-0.020000000000000018,0.0025951557093425604,1,0.006153726111840882,-0.009852224107829599,-0.0032645577977653273,0.12,-0.00667341196807536,0.020000000000000018,-0.0022058823529411764,1,0.007725918036401894,0.030419516764848442,-0.22175814044827152,0.0,0.027067150537534834,0.0,0.005190311418685122,1,0.002970292352837231,-0.005596297343137824,-0.11015567000678687,-0.040000000000000036,-0.0030300507389937614,0.0,0.0036764705882352936,1,0.008804926322872858,0.019192970262560394,-0.13560535369345755,0.05999999999999994,0.025341787623007317,-0.020000000000000018,-0.008744038155802861,1,0.01075985506374201,0.0012789644897539532,-0.15501960564363576,0.05999999999999994,0.030446763858315462,0.020000000000000018,0.003974562798092209,201,1,0.013186781828518485,-0.01122620288574927,-0.12883586764110389,0.12,0.011790152973837453,0.07999999999999996,-0.0014705882352941176,DTLZ2_n7_m3
1,-0.00015491080702639826,-0.0033845473277920313,-0.43550068951868615,0.0,-0.0005823656328205473,0.0,0.0,1,-9.148305997705442e-05,0.0038316890873157927,-0.4313804242254543,0.0,0.0027049374421860284,0.0,0.0,1,-0.00020994173433798446,0.01498763737701636,-0.5167626262038575,0.0,0.04363360393741067,0.0,-0.020408163265306117,1,0.0011816134046946508,0.06277101156178055,-0.501207062217612,0.0,0.06470205996889344,0.040000000000000036,0.10204081632653061,1,-0.00026424886762597966,-0.0001776809251379241,-0.4329828896764776,0.0,0.0007549292365460758,0.0,-0.04081632653061225,1,-0.0014385581678571235,0.00034252360164943596,-0.43914214686696396,0.0,-0.0029805961266205494,0.0,0.04081632653061225,1,-0.0015384513687292795,-0.03035541773248629,-0.4875660897062446,-0.020000000000000018,0.02880494639181308,-0.08000000000000002,0.14285714285714285,200,1,0.0019283053061044109,0.15800319412356068,-0.670593286414377,0.03999999999999998,0.12340039265371938,0.0,0.1746031746031746,ZDT1_n30_m2
1,-3.6685728289923e-05,-0.0016101537677988276,-0.5198171530413414,0.0,-0.0016374592602830251,0.0,-0.037037037037037035,1,0.00010110852753436594,0.0011516761232166495,-0.5241452956029085,0.0,0.0044731391101962,0.0,0.04938271604938271,1,0.0,0.0,-0.5214929683313227,0.0,0.0,0.0,0.0,1,0.003118125356157228,-0.07999025075123134,-0.6007320173763326,0.0,-0.20803850279641334,0.05999999999999994,-0.012345679012345678,1,-2.6634077188031346e-05,0.0009768736740149997,-0.5206301856719844,0.0,0.0012498628104349319,0.0,-0.024691358024691357,1,0.00011891996944685124,-0.005775621855347524,-0.5219501360113907,0.0,-0.0047643405897614954,0.0,0.024691358024691357,1,-0.00010918588664556028,-0.0929840663998398,-0.3578942988375783,0.10000000000000003,-0.058716279177019715,-0.020000000000000018,-0.031746031746031744,201,1,-0.0016562740651413221,0.059297363223716815,-0.7351472899201366,0.0,-0.09522916618244759,0.040000000000000036,0.12345679012345678,ZDT1_n30_m2
1,-0.0009549290179972497,-0.0021815807726448533,-1.056410431636367,0.0,-0.00259403967284888,0.0,-0.1111111111111111,1,-7.51181520195765e-05,0.003847652133178059,-1.0740398104623068,0.0,0.005323316218544094,0.0,0.1111111111111111,1,-0.0017457486929924743,-0.07194322195193426,-0.8167019363186769,0.04000000000000001,-0.022435769503899583,0.0,-0.4,1,0.0061481700010252716,0.2236638935676285,-1.047006071371167,0.0,0.2263394246073357,0.0,0.1111111111111111,1,-5.154841247766162e-05,-0.002622041054550106,-1.0576639602818678,0.0,0.0013539518153473096,0.0,-0.2222222222222222,1,0.0019500581887645918,0.008101124439829022,-1.0803283426307122,0.0,-0.005723357980008004,0.0,0.2222222222222222,1,0.004050630864981475,0.07187457233528338,-1.222383604066353,0.0,-0.09755846857113026,-0.040000000000000036,0.1111111111111111,200,1,0.0005954121877769086,0.31882470389862005,-1.3051028916329257,0.04000000000000001,-0.0038570690780717065,0.09999999999999998,0.06666666666666667,ZDT2_n30_m2
1,-6.1007487137762495e-05,-0.0034445135583585085,-1.4177312428078865,0.0,0.003906495276540606,0.0,-0.1875,1,0.0006985903265595561,0.007521959884979168,-1.416167660101824,-0.020000000000000004,0.010605019661274417,0.0,0.25,1,0.0,0.0,-1.4323367923335435,0.0,0.0,0.0,0.0,1,0.004086742184136877,0.21869202533641507,-1.8612827522177544,-0.04,0.06604469832614146,-0.039999999999999925,0.375,1,0.002601854878748991,-0.004588587790945731,-1.4283507791512147,0.0,-0.001588598758128612,0.020000000000000018,-0.1875,1,0.009092342640292045,0.006952328611369296,-1.437557971123137,0.0,0.0018389711808827758,-0.020000000000000018,0.0625,1,0.00549477558471953,-0.03905412872330061,-1.03506045512207,0.039999999999999994,0.1819546470401175,-0.07999999999999996,-0.041666666666666664,201,1,0.0066767077648684225,0.43517739254334575,-2.1256843839149915,0.0,0.19481049514272536,0.08000000000000007,0.5625,ZDT2_n30_m2
1,0.00043204661478575546,-0.0046146669022353315,-0.5606017068905861,0.020000000000000018,-0.03708369088438701,0.0,-0.023809523809523808,1,0.00029661274241393754,-0.0026734979501190637,-0.5706150346123996,0.0,-0.0029863785749264515,0.0,0.027777777777777776,1,0.0017155447712745714,-0.01306704004467818,-0.4295958602149025,0.08000000000000002,0.007967956780431495,-0.08000000000000002,-0.13333333333333333,1,0.00010473935738897211,0.040089318680098796,-0.5550307191585683,0.020000000000000018,0.14329772393655715,0.020000000000000018,-0.023809523809523808,1,0.00037033347361439817,5.0159317502629364e-05,-0.5571371620432956,0.020000000000000018,-0.04068944915400041,0.0,-0.09523809523809523,1,6.523878994922627e-05,0.001020104747067485,-0.6058240398156461,0.0,-0.002768524984016363,0.0,0.1111111111111111,1,-0.0029952404303919267,-0.06607909336412288,-0.5578886593633187,0.020000000000000018,-0.07067020181048089,-0.040000000000000036,0.0,200,1,0.001574528050736143,0.14494507661005152,-0.6623713019501881,0.1,0.12086843340461317,0.039999999999999925,0.09090909090909091,ZDT3_n30_m2
1,7.954266804002796e-05,0.00047039137849758106,-0.684784295326289,0.0,0.00013968970444511175,0.0,0.0,1,0.0003516046889881913,-0.0003520429093635258,-0.6772867727777254,0.0,-0.00014189485436422178,0.020000000000000018,0.0,1,-0.006215384626921991,0.2833379409681718,-0.9819899789581636,-0.01999999999999999,0.19627686326991156,-0.020000000000000018,0.08928571428571429,1,0.0012092191096592236,0.12080717687974651,-0.6719938644183396,0.06,0.16604687862716905,0.039999999999999925,0.011363636363636364,1,0.00010060695392731522,0.00029456521336257424,-0.6818309336359825,0.0,0.0004113219881286545,0.0,-0.03125,1,-0.0003040424228050176,-0.0013334703194538555,-0.6842000872210174,0.0,-0.0017796551884503575,0.0,0.03125,1,0.00016854385779614678,0.16348673921594115,-0.5681668653027783,0.12000000000000002,0.1395343690708526,-0.06000000000000005,-0.03571428571428571,201,1,-0.002514637982294732,0.19028260486072224,-1.0691475249993516,-0.01999999999999999,0.020394171694158802,0.09999999999999998,0.19642857142857142,ZDT3_n30_m2
1,-0.00013100186579180495,-0.08922662870153353,-1.7293484129275016,0.0,-0.015178377644401997,0.0,0.039999999999999994,1,-0.005052723832701667,0.026218530311783894,-1.7143139168836312,-0.020000000000000004,0.10932098620902786,0.05999999999999994,0.0,1,0.0018995582739066846,-0.6203471789927475,-1.6267742938727132,0.04000000000000001,0.16293718911099164,0.0,-0.11428571428571428,,,,,,,,,1,-1.0852223124413474e-05,-0.0009573622422855976,-1.7390401815248986,0.0,-0.0009430730231783091,0.0,-0.07999999999999999,1,-0.002474919466598946,0.004338362735404999,-1.750737498090735,0.0,0.004799251258955195,0.019999999999999907,0.07999999999999999,1,0.0028744044975687194,-0.07341763011099012,-2.8855015647738798,-0.04000000000000001,0.19913904334063504,-0.08000000000000007,0.26666666666666666,200,1,0.001322865036460938,0.7165893152671146,-2.720351898523413,0.01999999999999999,0.5745189689657295,0.019999999999999907,0.23333333333333334,ZDT6_n20_m2
1,0.0015607539634450163,-0.07453252903393626,-2.4654744920767286,0.0,0.03908784004609367,0.0,-0.1111111111111111,1,0.0005391961100663784,0.20163629535187155,-2.8110412190418583,0.0,-0.10343894946331988,0.0,0.1111111111111111,1,0.0028966034992845557,-1.2848682550095472,-2.1212510230866646,0.04000000000000001,-0.1271183774090725,0.020000000000000018,-0.06666666666666668,,,,,,,,,1,0.00011511565970986903,0.02505092486895677,-2.5653972920050667,0.0,-0.002083058127417159,0.0,0.1111111111111111,1,-0.0009877144359471124,-0.12104981567692441,-2.5402259465649046,0.0,0.010306296511045643,-0.020000000000000018,-0.1111111111111111,1,0.006400194602824441,-1.900614904188883,-1.4202051173034418,0.06,-0.21507976009412677,-0.020000000000000018,-0.2222222222222222,201,1,0.00197844755546725,4.226850772731247,-4.992277767463612,-0.019999999999999997,0.07323459441904467,-0.020000000000000018,0.6666666666666666,ZDT6_n20_m2
1,0.0002716393575963594,0.021083993616636043,-1.5577735184272914,0.01999999999999999,0.0532390846953521,0.0,-0.06666666666666667,1,-0.00042133544278336044,-0.05770730454208017,-1.306487510618008,0.01999999999999999,-0.014469043258491965,-0.020000000000000018,0.06666666666666667,1,0.0004547009647686562,-0.7921184107732859,-0.8691207066013344,0.01999999999999999,0.023539401355706646,-0.020000000000000018,-0.23333333333333334,1,-0.0014497608317163568,0.3420831617512494,-0.840219645546286,0.04000000000000001,-0.07339320319335041,0.05999999999999994,0.08571428571428572,1,-0.00023353398555335525,-0.00223591316370797,-1.8672641713771445,0.0,-0.001226839620826814,0.0,0.0,1,-0.0003322515871773263,0.010996130256178738,-1.8580320915785702,0.0,0.006232614760490307,0.0,0.0,1,-0.0015952920665274484,0.7183661976600639,-2.41920974921018,-0.060000000000000005,0.047991454362044106,0.0,0.5,200,1,0.0024381553386775,0.7796853327951023,-2.1717695407794175,0.01999999999999999,-0.02662119895383319,0.12,0.26666666666666666,ZDT6_n30_m2
1,0.0008089759629705817,-0.005570044569509491,-4.45148403133316,0.0,0.0034451971305706763,0.0,0.0625,1,0.0008930988474480928,0.02438831390237084,-3.1464949213801514,0.020000000000000004,-0.020336137988841596,0.0,-0.09999999999999999,1,-0.008676751688523249,0.7826574435162676,-5.233493767622488,0.0,0.040317426449694604,-0.020000000000000018,0.25,1,8.334579049192048e-05,2.050252568155855,-5.391871810391446,-0.020000000000000004,-0.1453632190324563,-0.039999999999999925,0.4166666666666667,1,0.0010370002495480174,0.04854914276087996,-4.4563866298071355,0.0,0.0021361682041693975,0.0,0.125,1,0.001010106134607891,-0.23247450814528747,-4.417514008725225,0.0,-0.00910167561437758,-0.020000000000000018,-0.125,1,-0.005509762869762708,0.3513009025909035,-3.775468820151956,0.020000000000000004,0.3357511230333543,-0.09999999999999998,-0.05,201,1,-0.0027842960061812,9.338181963922857,-12.174851695267574,0.0,-2.0097726569195338,0.040000000000000036,0.5625,ZDT6_n30_m2
1,-0.000611356277783956,0.001648242222517915,-0.3957059537437593,0.0,-0.0010328310236917826,0.019999999999999907,0.01652892561983471,1,-0.00012428041617330854,-0.0038564208622897667,-0.3918594062608901,0.0,0.0025178332781368162,0.019999999999999907,-0.01652892561983471,1,0.0011709298115499256,-0.003995215105974115,-0.3188430580413466,0.060000000000000026,0.045884687653296674,0.0,-0.045454545454545456,1,0.0021143478959805145,-0.013679390434464533,-0.29365496210503717,0.07999999999999999,0.016383632344674104,-0.040000000000000036,-0.012121212121212123,1,-0.00025546674291250515,-0.0015333665219383619,-0.3922897792620934,0.0,-0.000991083141842819,0.0,-0.01652892561983471,1,0.0001514959253059306,-0.004069656624527518,-0.3422228497309018,0.04000000000000001,-0.03478942287974063,-0.020000000000000018,0.013986013986013986,1,0.0016279482895790037,0.020423304834943146,-0.3819926291783441,0.04000000000000001,0.077423840669533,0.0,0.0,200,1,-0.0015838653944828252,0.0098851625845513,-0.3448185598897475,0.0,0.012758510190599814,0.09999999999999998,-0.024793388429752067,DTLZ2_n9_m2
1,-0.001144193789670886,0.0014463918838911738,-0.5025461794893551,0.0,-0.00028198230637344057,0.0,0.037037037037037035,1,0.0009797959276134915,-0.003556467829489929,-0.4899693178375047,0.0,0.0009506460999674227,0.020000000000000018,-0.037037037037037035,1,-0.0018558943326618532,-0.0013158012252261209,-0.4489259805351484,0.06,0.12310481375431082,-0.039999999999999925,-0.037037037037037035,1,-0.0029826070485906575,0.07110708124491083,-0.5670160423710302,-0.01999999999999999,0.13394001364133168,0.040000000000000036,0.06944444444444445,1,-6.129393386529458e-05,0.001988277207314315,-0.5024225896900214,0.020000000000000018,-0.0218658249363054,0.0,0.01111111111111111,1,0.0012277309316462703,0.002487936226173826,-0.5233005970725391,-0.03999999999999998,0.04857570877729456,0.0,0.07936507936507936,1,0.001562735857910641,-0.0016677846592889622,-0.46510628607838805,0.0,0.14821160328327987,0.040000000000000036,0.0,201,1,-0.0015770218380247725,0.08746685487424921,-0.6593731159448208,0.06,0.05343542184941963,0.12,0.037037037037037035,DTLZ2_n9_m2
1,-5.63048311480463e-05,-0.0006163396976006652,-0.23941279914239755,0.0,-0.00028868457671171743,0.0,0.0,1,-0.0025813626994604655,0.0010926362251981736,-0.2343966110006077,-0.020000000000000018,-0.008132741133825228,0.019999999999999907,0.0015015015015015015,1,-0.0013356541740756483,-0.005119274647904071,-0.19006858558891093,0.040000000000000036,-0.015343279577755498,-0.020000000000000018,-0.0034650034650034658,,,,,,,,,1,-0.004452977323539081,-0.004026399202760711,-0.24743196190204714,-0.020000000000000018,-0.004525440976312911,0.0,0.0007507507507507507,1,-0.0038153713476062473,0.005370469989849802,-0.22524003238356383,0.040000000000000036,-0.011124514870408775,0.039999999999999925,0.0006930006930006929,,,,,,,,,200,1,-0.002723855499062164,0.008024757122066628,-0.2889624254515901,-0.05999999999999994,0.021273641869337,-0.06000000000000005,0.006359300476947536,DTLZ2_n10_m3
1,-0.0011011993568760675,0.0007883200562170956,-0.3323070395000748,0.020000000000000018,0.005178450836469395,-0.020000000000000018,0.011666666666666667,1,0.0025124446484678653,-0.001931974451447438,-0.3609356703246859,-0.03999999999999998,0.005039994944560977,0.0,-0.011363636363636364,1,-0.0010150509849854716,-0.004256832449505588,-0.23021336890516605,0.020000000000000018,-0.016257625186061997,0.0,-0.0033333333333333335,,,,,,,,,1,0.00014196261541374322,-0.0017034890993281593,-0.3411334166453861,0.020000000000000018,0.024571533948489765,-0.020000000000000018,-0.004999999999999999,1,0.0011612461739885227,0.004369746807908026,-0.3045869619150958,0.040000000000000036,0.011185983240035169,0.0,0.004807692307692308,,,,,,,,,201,1,-0.002359254863154428,-0.015490409782310088,-0.3197920978495449,0.08000000000000007,-0.06190798222513272,0.16000000000000003,0.0014880952380952397,DTLZ2_n10_m3
1,-3.1050481663005836e-05,-0.001261823056897704,-0.3884935692439222,-0.020000000000000018,0.015913775917781314,0.0,-0.038461538461538464,1,0.00039832159410238543,0.0019604302821680797,-0.36737676030663935,0.020000000000000018,0.016095121955948755,0.0,0.01098901098901099,1,-0.003479170909777951,-0.003367225734460799,-0.39516024980429054,0.020000000000000018,-0.061956587670948915,-0.020000000000000018,0.010989010989010988,1,0.00019366398509425287,-0.011426235616995406,-0.3950601836188298,0.020000000000000018,0.009733893151603001,0.020000000000000018,0.0,1,1.1306423841062063e-06,2.916266277219748e-05,-0.35302924633515076,0.0,0.00013418713738222454,0.0,-0.0059171597633136085,1,-2.4365266625303583e-05,0.00035496580569782665,-0.37356338610757656,0.0,0.005036233136317736,0.020000000000000018,-0.01775147928994083,1,0.0010212396744342933,0.042265293193209263,-0.47023528830931516,-0.12,-0.01315802112460307,0.09999999999999998,0.054945054945054944,200,1,-0.002139968653972063,0.018429650049378576,-0.41184174196461787,0.020000000000000018,-0.06770549152911032,0.12,0.04395604395604395,DTLZ2_n12_m2
1,-0.0015776878675220207,-0.0004066129147686226,-0.40622159055207363,0.0,0.002270887940413413,0.0,-0.008264462809917356,1,0.0029345177593889105,-0.0024600545324635625,-0.39385977946674033,0.0,-0.005797198622842781,0.0,0.008264462809917356,1,0.003368295929995907,0.016687695477870523,-0.5725991960111991,-0.06,0.009381364685008053,0.039999999999999925,0.045454545454545456,1,0.0009290659524855277,0.06290711709192776,-0.5702624082131269,-0.01999999999999999,-0.12790885457511247,0.039999999999999925,-0.045454545454545456,1,0.0017631023553517644,0.004128076648733714,-0.40690086204275855,0.0,-0.002463318960027383,-0.020000000000000018,0.03305785123966942,1,0.0006079967001336173,-0.014023294779179185,-0.3557662837900277,-0.01999999999999999,0.008480820705413228,0.039999999999999925,-0.01818181818181818,1,0.0016191436337477383,-0.016381060886891508,-0.5280089515812425,-0.06,0.07231648196176321,0.020000000000000018,0.01136363636363636,201,1,0.0026086597141631584,0.017026190792832185,-0.700615744173052,-0.06,-0.003600291948652079,0.05999999999999994,0.03409090909090909,DTLZ2_n12_m2
