budget,hv_auc,hv_auc_std,hv_end,hv_end_std,hv_slope,hv_slope_std,hv_start,hv_start_std,igd_end,igd_end_std,igd_slope,igd_slope_std,igd_start,igd_start_std,n_obj,n_var,nd_ratio_end,nd_ratio_end_std,nd_ratio_slope,nd_ratio_slope_std,nd_ratio_start,nd_ratio_start_std,probe_budget,problem,spread_end,spread_end_std,spread_start,spread_start_std,stagnation_rate,stagnation_rate_std,task_id
2000,0.05339407745099228,0.02563296721713073,0.17426559756119198,0.08831804818010248,0.02489508536588457,0.012616864025728928,0.0,0.0,0.47643211899811694,0.14122583818631504,-0.20118791499590932,0.024774287648616476,1.8847475239694824,0.1962858028202134,2,10,0.21600000000000003,0.0384707681233427,0.013142857142857142,0.010613814640575262,0.124,0.047749345545253286,400,ZDT1,0.47843647038484177,0.1924492119468739,0.6206286048062659,0.16364749843666393,0.6,0.18626292586293283,ZDT1_n10_m2
2000,0.012229496765220707,0.013835913724686748,0.05383553228688818,0.049748958630738305,0.007690790326698312,0.007106994090105472,0.0,0.0,0.7161726491678122,0.18594404780359497,-0.20800815073565254,0.043872532933057214,2.17222970431738,0.26855715381756035,2,20,0.188,0.02280350850198276,0.001714285714285714,0.00255550625999976,0.176,0.026076809620810597,400,ZDT1,0.4025224878229986,0.15313669698289117,0.5895713117855857,0.04346348952591595,0.7428571428571429,0.2347382389307855,ZDT1_n20_m2
2000,0.0,0.0,0.0,0.0,0.0,0.0,0.0,0.0,1.0688331520078733,0.23166684017820094,-0.2522583192735094,0.044141244634182356,2.8346413869224394,0.3584907901380132,2,10,0.132,0.030331501776206197,0.0074285714285714285,0.008475655413823613,0.08,0.03162277660168379,400,ZDT2,0.41478921219083553,0.25376602765518524,0.45728020706641226,0.16383174814505141,1.0,0.0,ZDT2_n10_m2
2000,0.0,0.0,0.0,0.0,0.0,0.0,0.0,0.0,1.1385854604860286,0.04421017099942621,-0.33462659212878726,0.0420045095243136,3.480971605387539,0.2782374911209842,2,20,0.084,0.021908902300206645,-0.0011428571428571434,0.005190257749881414,0.092,0.03033150177620621,400,ZDT2,0.18066422981561747,0.13150911976726246,0.3983119214440179,0.09682899565565893,1.0,0.0,ZDT2_n20_m2
2000,0.06268251647293804,0.019426177598918102,0.22266290312555875,0.0508297871376654,0.0318089861607941,0.007261398162523629,0.0,0.0,0.43755436182326146,0.05782219847419938,-0.20907104041393917,0.04256799840440127,1.901051644720836,0.27481813876190525,2,10,0.252,0.05761944116355175,0.015428571428571427,0.010804383086393737,0.144,0.05176871642217914,400,ZDT3,0.5040877018360927,0.18321174753476324,0.6523637067469663,0.1688650548922203,0.3428571428571428,0.07824607964359516,ZDT3_n10_m2
2000,0.03406736347309488,0.021739460858764777,0.12058006138020075,0.055628143200038976,0.01722572305431439,0.007946877600005568,0.0,0.0,0.6911211011073105,0.22341081030734627,-0.18149655660224284,0.05616640461924171,1.96159699732301,0.3777884982984865,2,20,0.27999999999999997,0.08366600265340754,0.016571428571428574,0.011675895280972886,0.164,0.021908902300206645,400,ZDT3,0.4815590453155565,0.11867827908809753,0.6930555447848065,0.07375519596963298,0.42857142857142855,0.24743582965269675,ZDT3_n20_m2
10000,0.0,0.0,0.0,0.0,0.0,0.0,0.0,0.0,14.979419351803708,3.424905652523109,-3.747428516213271,0.5624729693151953,86.18056115985584,9.023432516555198,2,10,0.16799999999999998,0.06418722614352484,0.0029473684210526317,0.0025131234497501737,0.11200000000000002,0.06723094525588644,1000,ZDT4,8.46137888681747,1.8404175115998191,13.994190000252052,8.747842545280848,1.0,0.0,ZDT4_n10_m2
5000,0.0,0.0,0.0,0.0,0.0,0.0,0.0,0.0,2.99987952471825,0.1420848843215889,-0.20575237054946313,0.008660847800993205,6.909174565158051,0.2744468923402387,2,10,0.124,0.06228964600958975,0.0012631578947368421,0.0034432478386939216,0.1,0.0316227766016838,1000,ZDT6,0.31309062780096986,0.08387039145422917,0.3438534346877816,0.03911215301667755,1.0,0.0,ZDT6_n10_m2
10000,0.0,0.0,0.0,0.0,0.0,0.0,0.0,0.0,9.2674852079951,4.297623431710002,-3.4027523992787585,1.438355023250251,73.9197807942915,28.048831533460152,2,6,0.22000000000000003,0.04898979485566357,0.004,0.0036766840413837857,0.14400000000000002,0.026076809620810597,1000,DTLZ1,17.578154562743954,5.030598388168275,93.34060287561601,25.396563532109504,1.0,0.0,DTLZ1_n6_m2
20000,0.0,0.0,0.0,0.0,0.0,0.0,0.0,0.0,10.475092619214337,4.063681888887876,-2.9384252273364875,1.2217846131618881,66.30517193860761,22.159742730693395,3,7,0.876,0.18187908071023454,0.02926315789473684,0.00853216173859345,0.32,0.07874007874011812,1000,DTLZ1,26.38348717623728,10.117497195042988,71.99131881030902,14.624650178644165,1.0,0.0,DTLZ1_n7_m3
2000,0.20089040611407044,0.027742831768539356,0.2769344276138611,0.024544485679547055,0.02664458727661372,0.0021104048711636397,0.09042231667756503,0.030649649509325985,0.06511107740535418,0.021311573189384335,-0.02053636964608848,0.004172768923853118,0.2088656649279735,0.02140241299370671,2,6,0.544,0.1291510743277035,0.04914285714285715,0.02014235055087379,0.2,0.0282842712474619,400,DTLZ2,0.3460098931116622,0.030438206973110282,0.43133517363084195,0.03757746072366809,0.0,0.0,DTLZ2_n6_m2
2000,0.2850845834669148,0.02723574089851399,0.37601895531831475,0.03725306738232114,0.03178181442830015,0.0066113657765192995,0.15354625432021365,0.021155122576804287,0.14977127346988733,0.013170167521244329,-0.022096611986983296,0.0026224767078502687,0.30444755737877044,0.026515464947757438,3,7,1.0,0.0,0.07885714285714286,0.008713114675415374,0.44799999999999995,0.060991802727907635,400,DTLZ2,0.35974425307254576,0.01655654862972323,0.4091252511143114,0.017588250004767627,0.0,0.0,DTLZ2_n7_m3
2000,0.014098530851189136,0.016205517757679786,0.07177030051869569,0.06285669771484126,0.010252900074099385,0.008979528244977322,0.0,0.0,0.7009669862548505,0.12935396237491767,-0.2360993709576324,0.037239800574012494,2.3536625829582767,0.348899236267889,2,30,0.188,0.0303315017762062,0.0022857142857142846,0.007928249671720919,0.17200000000000001,0.04604345773288535,400,ZDT1,0.38096523905112306,0.09254686674292703,0.47917801185365,0.08604513145321745,0.7714285714285715,0.16288220358559113,ZDT1_n30_m2
2000,0.0,0.0,0.0,0.0,0.0,0.0,0.0,0.0,1.1943965664141847,0.11856866254685153,-0.3505662927369394,0.06276639629248099,3.64836061557276,0.4253090030433855,2,30,0.1,0.034641016151377546,0.003999999999999999,0.0032576440717118228,0.07200000000000001,0.02280350850198276,400,ZDT2,0.12399880662270332,0.0686120534007947,0.25385197373115836,0.09094206581670683,1.0,0.0,ZDT2_n30_m2
2000,0.0578345440000244,0.020708204485818588,0.16983569795856884,0.0364803633168246,0.024262242565509833,0.0052114804738320865,0.0,0.0,0.5770454895372398,0.09744271757437988,-0.23406608676581767,0.042375443276274585,2.2155080968979637,0.28464432755947705,2,30,0.21200000000000002,0.054037024344425186,0.0051428571428571435,0.009979570969470275,0.176,0.02966479394838265,400,ZDT3,0.48537506740876735,0.12396719702296298,0.5519971570242536,0.05673375283254392,0.42857142857142855,0.10101525445522107,ZDT3_n30_m2
5000,0.0,0.0,0.0,0.0,0.0,0.0,0.0,0.0,3.9667902616886663,0.4023063959138552,-0.17605277094336652,0.020658295093962494,7.31179290961263,0.14136041762594875,2,20,0.176,0.08173126696681021,0.004421052631578948,0.0035227790590908444,0.09200000000000001,0.017888543819998316,1000,ZDT6,0.2553072459314064,0.06056721032423047,0.24463346907525824,0.06437608548089653,1.0,0.0,ZDT6_n20_m2
10000,0.0,0.0,0.0,0.0,0.0,0.0,0.0,0.0,4.291940344502256,0.34656798662379,-0.16253368374262278,0.013315229282315324,7.38008033561209,0.22281217840635442,2,30,0.156,0.026076809620810593,0.0023157894736842103,0.0020247772696496157,0.11200000000000002,0.02280350850198276,1000,ZDT6,0.21807012332764134,0.09930063344303891,0.23734413912360425,0.039811628467272216,1.0,0.0,ZDT6_n30_m2
2000,0.10854340470560105,0.022802370133754555,0.19390554961958945,0.04237821298419985,0.024354111460684537,0.0070697229412171325,0.0234267693947977,0.011109255732615753,0.1164991316291278,0.027909486262571625,-0.034028258076981656,0.00512033329285712,0.3546969381679993,0.024192373293783674,2,9,0.388,0.08555699854482975,0.026857142857142857,0.008475655413823615,0.2,0.044721359549995794,400,DTLZ2,0.4089886405014541,0.02308405118644059,0.5390328369594231,0.040055459191762295,0.02857142857142857,0.06388765649999399,DTLZ2_n9_m2
2000,0.14618540919816683,0.018396960655180268,0.25365686314754254,0.02278920205505549,0.03023641016130165,0.005184117047769442,0.04200199201843098,0.03126276476749086,0.2172889778568336,0.01978555043856868,-0.03493006632646574,0.005898211148166326,0.46179944214209384,0.03962236771172715,3,10,1.0,0.0,0.0737142857142857,0.005495824017620388,0.484,0.0384707681233427,400,DTLZ2,0.44229936855217505,0.040031105399204236,0.5165960589556253,0.028906705789015216,0.02857142857142857,0.06388765649999399,DTLZ2_n10_m3
2000,0.050116056739258896,0.01405764705191009,0.1211503335273856,0.020074217851582057,0.01730719050391223,0.0028677454073688653,0.0,0.0,0.1956359950554227,0.022668151152293564,-0.04798149715184601,0.008122073711099525,0.5315064751183448,0.060177948923439,2,12,0.296,0.06693280212272605,0.019428571428571427,0.007928249671720919,0.16,0.01999999999999999,400,DTLZ2,0.4674558493936699,0.07136366897342054,0.5920990088253658,0.07114168403782849,0.1714285714285714,0.11952286093343935,DTLZ2_n12_m2
