bound_width_mean,bound_width_std,budget,lower_max,lower_mean,lower_min,lower_std,n_obj,n_var,population_size,task_id,upper_max,upper_mean,upper_min,upper_std
1.0,0.0,2000,0.0,0.0,0.0,0.0,2,10,50,ZDT1_n10_m2,1.0,1.0,1.0,0.0
1.0,0.0,2000,0.0,0.0,0.0,0.0,2,20,50,ZDT1_n20_m2,1.0,1.0,1.0,0.0
1.0,0.0,2000,0.0,0.0,0.0,0.0,2,10,50,ZDT2_n10_m2,1.0,1.0,1.0,0.0
1.0,0.0,2000,0.0,0.0,0.0,0.0,2,20,50,ZDT2_n20_m2,1.0,1.0,1.0,0.0
1.0,0.0,2000,0.0,0.0,0.0,0.0,2,10,50,ZDT3_n10_m2,1.0,1.0,1.0,0.0
1.0,0.0,2000,0.0,0.0,0.0,0.0,2,20,50,ZDT3_n20_m2,1.0,1.0,1.0,0.0
9.1,2.7,10000,0.0,-4.5,-5.0,1.5,2,10,50,ZDT4_n10_m2,5.0,4.6,1.0,1.2
1.0,0.0,5000,0.0,0.0,0.0,0.0,2,10,50,ZDT6_n10_m2,1.0,1.0,1.0,0.0
1.0,0.0,10000,0.0,0.0,0.0,0.0,2,6,50,DTLZ1_n6_m2,1.0,1.0,1.0,0.0
1.0,0.0,20000,0.0,0.0,0.0,0.0,3,7,50,DTLZ1_n7_m3,1.0,1.0,1.0,0.0
1.0,0.0,2000,0.0,0.0,0.0,0.0,2,6,50,DTLZ2_n6_m2,1.0,1.0,1.0,0.0
1.0,0.0,2000,0.0,0.0,0.0,0.0,3,7,50,DTLZ2_n7_m3,1.0,1.0,1.0,0.0
1.0,0.0,2000,0.0,0.0,0.0,0.0,2,30,50,ZDT1_n30_m2,1.0,1.0,1.0,0.0
1.0,0.0,2000,0.0,0.0,0.0,0.0,2,30,50,ZDT2_n30_m2,1.0,1.0,1.0,0.0
1.0,0.0,2000,0.0,0.0,0.0,0.0,2,30,50,ZDT3_n30_m2,1.0,1.0,1.0,0.0
1.0,0.0,5000,0.0,0.0,0.0,0.0,2,20,50,ZDT6_n20_m2,1.0,1.0,1.0,0.0
1.0,0.0,10000,0.0,0.0,0.0,0.0,2,30,50,ZDT6_n30_m2,1.0,1.0,1.0,0.0
1.0,0.0,2000,0.0,0.0,0.0,0.0,2,9,50,DTLZ2_n9_m2,1.0,1.0,1.0,0.0
1.0,0.0,2000,0.0,0.0,0.0,0.0,3,10,50,DTLZ2_n10_m3,1.0,1.0,1.0,0.0
1.0,0.0,2000,0.0,0.0,0.0,0.0,2,12,50,DTLZ2_n12_m2,1.0,1.0,1.0,0.0
