budget,crossover_eta_12_available,crossover_eta_12_delta_crowding_mean,crossover_eta_12_delta_crowding_std,crossover_eta_12_delta_empirical_hv_mean,crossover_eta_12_delta_empirical_hv_std,crossover_eta_12_delta_empirical_mean_mean,crossover_eta_12_delta_empirical_mean_std,crossover_eta_12_delta_nd_fraction_mean,crossover_eta_12_delta_nd_fraction_std,crossover_eta_12_delta_objective_spread_mean,crossover_eta_12_delta_objective_spread_std,crossover_eta_12_delta_offspring_survival_mean,crossover_eta_12_delta_offspring_survival_std,crossover_eta_12_dominance_win_rate_mean,crossover_eta_12_dominance_win_rate_std,crossover_eta_30_available,crossover_eta_30_delta_crowding_mean,crossover_eta_30_delta_crowding_std,crossover_eta_30_delta_empirical_hv_mean,crossover_eta_30_delta_empirical_hv_std,crossover_eta_30_delta_empirical_mean_mean,crossover_eta_30_delta_empirical_mean_std,crossover_eta_30_delta_nd_fraction_mean,crossover_eta_30_delta_nd_fraction_std,crossover_eta_30_delta_objective_spread_mean,crossover_eta_30_delta_objective_spread_std,crossover_eta_30_delta_offspring_survival_mean,crossover_eta_30_delta_offspring_survival_std,crossover_eta_30_dominance_win_rate_mean,crossover_eta_30_dominance_win_rate_std,crossover_prob_08_available,crossover_prob_08_delta_crowding_mean,crossover_prob_08_delta_crowding_std,crossover_prob_08_delta_empirical_hv_mean,crossover_prob_08_delta_empirical_hv_std,crossover_prob_08_delta_empirical_mean_mean,crossover_prob_08_delta_empirical_mean_std,crossover_prob_08_delta_nd_fraction_mean,crossover_prob_08_delta_nd_fraction_std,crossover_prob_08_delta_objective_spread_mean,crossover_prob_08_delta_objective_spread_std,crossover_prob_08_delta_offspring_survival_mean,crossover_prob_08_delta_offspring_survival_std,crossover_prob_08_dominance_win_rate_mean,crossover_prob_08_dominance_win_rate_std,mutation_double_available,mutation_double_delta_crowding_mean,mutation_double_delta_crowding_std,mutation_double_delta_empirical_hv_mean,mutation_double_delta_empirical_hv_std,mutation_double_delta_empirical_mean_mean,mutation_double_delta_empirical_mean_std,mutation_double_delta_nd_fraction_mean,mutation_double_delta_nd_fraction_std,mutation_double_delta_objective_spread_mean,mutation_double_delta_objective_spread_std,mutation_double_delta_offspring_survival_mean,mutation_double_delta_offspring_survival_std,mutation_double_dominance_win_rate_mean,mutation_double_dominance_win_rate_std,mutation_eta_30_available,mutation_eta_30_delta_crowding_mean,mutation_eta_30_delta_crowding_std,mutation_eta_30_delta_empirical_hv_mean,mutation_eta_30_delta_empirical_hv_std,mutation_eta_30_delta_empirical_mean_mean,mutation_eta_30_delta_empirical_mean_std,mutation_eta_30_delta_nd_fraction_mean,mutation_eta_30_delta_nd_fraction_std,mutation_eta_30_delta_objective_spread_mean,mutation_eta_30_delta_objective_spread_std,mutation_eta_30_delta_offspring_survival_mean,mutation_eta_30_delta_offspring_survival_std,mutation_eta_30_dominance_win_rate_mean,mutation_eta_30_dominance_win_rate_std,mutation_eta_7_available,mutation_eta_7_delta_crowding_mean,mutation_eta_7_delta_crowding_std,mutation_eta_7_delta_empirical_hv_mean,mutation_eta_7_delta_empirical_hv_std,mutation_eta_7_delta_empirical_mean_mean,mutation_eta_7_delta_empirical_mean_std,mutation_eta_7_delta_nd_fraction_mean,mutation_eta_7_delta_nd_fraction_std,mutation_eta_7_delta_objective_spread_mean,mutation_eta_7_delta_objective_spread_std,mutation_eta_7_delta_offspring_survival_mean,mutation_eta_7_delta_offspring_survival_std,mutation_eta_7_dominance_win_rate_mean,mutation_eta_7_dominance_win_rate_std,mutation_half_available,mutation_half_delta_crowding_mean,mutation_half_delta_crowding_std,mutation_half_delta_empirical_hv_mean,mutation_half_delta_empirical_hv_std,mutation_half_delta_empirical_mean_mean,mutation_half_delta_empirical_mean_std,mutation_half_delta_nd_fraction_mean,mutation_half_delta_nd_fraction_std,mutation_half_delta_objective_spread_mean,mutation_half_delta_objective_spread_std,mutation_half_delta_offspring_survival_mean,mutation_half_delta_offspring_survival_std,mutation_half_dominance_win_rate_mean,mutation_half_dominance_win_rate_std,n_obj,n_var,probe_seeds,problem,selection_tournament_6_available,selection_tournament_6_delta_crowding_mean,selection_tournament_6_delta_crowding_std,selection_tournament_6_delta_empirical_hv_mean,selection_tournament_6_delta_empirical_hv_std,selection_tournament_6_delta_empirical_mean_mean,selection_tournament_6_delta_empirical_mean_std,selection_tournament_6_delta_nd_fraction_mean,selection_tournament_6_delta_nd_fraction_std,selection_tournament_6_delta_objective_spread_mean,selection_tournament_6_delta_objective_spread_std,selection_tournament_6_delta_offspring_survival_mean,selection_tournament_6_delta_offspring_survival_std,selection_tournament_6_dominance_win_rate_mean,selection_tournament_6_dominance_win_rate_std,task_id
2000,1,-0.000508398456197004,0.0006094269750370233,-0.002101584457863348,0.0004349189709480711,-0.0003867333258926742,0.003193869557386557,0.0,0.0,-0.002275026240793121,0.00235874059859721,0.0,0.0,-0.04145408163265306,0.02976342318769907,1,-9.128133764611801e-05,0.0013551023974948486,0.003670320634770796,0.0010174133017008865,0.0017593840608134403,0.0071321580621445625,0.0,0.0,0.004883241021089391,0.00537288722883988,0.010000000000000009,0.014142135623730963,0.04145408163265306,0.02976342318769907,1,0.001884760497931022,0.00023166547495559933,-0.09355306677405095,0.048967578571485045,0.30597259870543314,0.6813282382558805,0.019999999999999997,0.028284271247461894,-0.00928575100182727,0.23110682822974643,-0.020000000000000018,0.028284271247461926,-0.1245748299319728,0.1184524114742771,0,0.0,0.0,0.0,0.0,0.0,0.0,0.0,0.0,0.0,0.0,0.0,0.0,0.0,0.0,1,-0.0004723293230846498,0.00013239401769025102,0.0018417857031838292,0.003804103986293724,-0.04641637131549048,0.036302038605844175,-6.938893903907228e-18,0.028284271247461915,0.0024919063003657205,0.09626194017319468,-0.030000000000000027,0.014142135623730963,-0.07500000000000001,0.10606601717798214,1,6.194083173468451e-05,0.0011070376779395695,-0.003339842199204135,0.02586088545531823,0.059302706459806065,0.054465703767713196,-0.010000000000000002,0.014142135623730954,0.048620821363423494,0.05505608817960427,-0.010000000000000009,0.04242640687119289,0.0935374149659864,0.10342037956129779,0,0.0,0.0,0.0,0.0,0.0,0.0,0.0,0.0,0.0,0.0,0.0,0.0,0.0,0.0,2,10,2,ZDT1,1,0.002081520745811631,0.0027970448208628268,-0.010907673006935292,0.04283331789213178,-0.05765628356925334,0.35590808503308424,0.049999999999999996,0.04242640687119286,-0.08607828759225472,0.13011045183107378,0.13,0.014142135623730963,-0.10267857142857142,0.11995561466557503,ZDT1_n10_m2
2000,1,0.0005049568661033843,0.0005961161281631346,0.0014019626695365162,0.0010209325914093826,0.0030321869975427074,0.00362552987800737,0.0,0.0,0.002039769999862384,0.001328898530546857,0.010000000000000009,0.014142135623730963,-0.026234567901234566,0.0021824283369955167,1,-0.00032391502390023,0.0006771787419987736,-0.0010462007376268456,0.0005427820085201249,0.006542944026627695,0.010297038452258784,0.0,0.0,0.0012093395947268548,0.004795080247203147,0.0,0.0,0.026234567901234566,0.0021824283369955167,1,0.002154758634806367,0.0019592193250194,0.07474791015015958,0.1846206513570687,-0.0732992198607883,0.5690841808109829,-0.009999999999999995,0.014142135623730944,-0.01870044043981678,0.23145757791275964,0.0,0.028284271247461926,0.012962962962962968,0.12308895820654717,0,0.0,0.0,0.0,0.0,0.0,0.0,0.0,0.0,0.0,0.0,0.0,0.0,0.0,0.0,1,-0.000315779499607767,0.0004465796510646936,0.00045951606563821024,0.0004350213803850699,-0.0018175965782467607,0.0007328256664279894,0.0,0.0,-0.0010631150401027578,0.0009899225943840052,0.0,0.0,0.007716049382716049,0.02837156838094172,1,-0.0003993991224221158,0.0005648356557292683,-0.001880376233385661,0.002620635660001934,-0.0006852487183751643,0.009912565420699926,-0.009999999999999995,0.014142135623730944,0.017396433045264947,0.021991333708697467,-0.01999999999999999,0.028284271247461888,-0.006944444444444444,0.02946278254943948,1,0.0008023587738171384,0.0002775630459796833,0.020632552612071198,0.05540596869962921,-0.0045845726800463615,0.11046584194160336,0.020000000000000004,0.05656854249492379,0.07792225774499617,0.07868818079331308,-0.010000000000000009,0.014142135623730963,0.04166666666666667,0.01964185503295965,2,20,2,ZDT1,1,0.0012945114294869095,0.004328688670589778,0.1184134697462409,0.09847329774491952,-0.07186501692806874,0.011886630827170157,0.05,0.014142135623730944,0.06556261397037416,0.14241015224832065,0.040000000000000036,0.0,-0.002525252525252524,0.08213866650146764,ZDT1_n20_m2
2000,1,0.0006445007377829104,0.0008541157349502745,-0.0022207386279005092,0.0005994227152787402,0.0015886291673328223,0.0001975678503090223,0.0,0.0,-0.0009326354360066069,4.356241483156648e-05,0.0,0.0,-0.1111111111111111,0.15713484026367722,1,0.00020355472150492687,0.002071272530272764,0.0039316209046218464,0.0008855328720599538,-0.002866692201688892,0.00034473755854539506,0.0,0.0,0.0016486922477480792,4.518215928347621e-05,0.0,0.028284271247461926,0.1111111111111111,0.15713484026367722,1,-0.0019683609804308153,0.00048156032576763906,-0.23658781354030967,0.15429161557089588,0.3477873063705905,0.4117351192023802,0.08,0.0565685424949238,0.05497635657564126,0.0458919402704325,-0.03999999999999998,0.056568542494923775,-0.39814814814814814,0.14404027024170415,0,0.0,0.0,0.0,0.0,0.0,0.0,0.0,0.0,0.0,0.0,0.0,0.0,0.0,0.0,1,-9.986072727628803e-05,0.00028944143055771625,0.00017220730128864048,0.021952604220125082,0.005021167000214155,0.019840286588100633,0.0,0.0,0.0008746029353303986,0.007313855479606843,0.0,0.0,-0.19444444444444445,0.4321208107251124,1,0.0016328501756938535,0.0014107632929080724,-0.006086428021849555,0.09237339439065279,-0.01920944658989332,0.08386259439094362,0.0,0.0,-0.006948219597310262,0.029662317807583743,0.0,0.028284271247461926,0.19444444444444445,0.4321208107251124,0,0.0,0.0,0.0,0.0,0.0,0.0,0.0,0.0,0.0,0.0,0.0,0.0,0.0,0.0,2,10,2,ZDT2,1,0.0009053110119745661,0.00016996131896402346,-0.1726970275511326,0.019141333553120216,0.08600841365774992,0.32008318261640867,0.09,0.014142135623730963,0.16629077397028968,0.023911638430647343,0.12999999999999995,0.04242640687119281,-0.33333333333333337,0.23570226039551584,ZDT2_n10_m2
2000,1,-1.9098935309685983e-05,4.1697812091906895e-05,-0.0014618763348999142,7.532552567967232e-05,0.0012305517536039812,0.0011344826098332714,0.0,0.0,0.0003299380583569045,0.0007553705666248906,0.0,0.0,-0.03125,0.04419417382415922,1,-0.00016390707373321184,0.0002558805817635393,0.0033329860123820776,0.00012293896044895554,-0.002849063497643467,0.0026517908773389144,0.0,0.0,-0.00026858059068340934,0.0018911531214333636,0.0,0.0,0.02104591836734694,0.05862492446061937,1,-0.004877319349666023,0.004752620988255181,0.12011282649272736,0.10149541435927802,-0.11004821662340014,0.4175424552094613,-0.010000000000000009,0.014142135623730963,0.21663413844301,0.011892338971342049,0.0,0.028284271247461926,0.050595238095238096,0.10522422339085528,0,0.0,0.0,0.0,0.0,0.0,0.0,0.0,0.0,0.0,0.0,0.0,0.0,0.0,0.0,1,-0.00041707366438559906,8.349682663826914e-05,-0.0005969634126936629,0.0002951633251699596,-0.0002197464296190832,0.002573769295033878,0.0,0.0,0.0016430061914961547,0.0018914923911585288,0.0,0.0,0.010841836734693876,0.07305567509707953,1,-0.00025747909917345907,7.850378789962066e-05,0.0008972325909000212,0.0037437022441427705,0.00858773617014652,0.004999770037845166,-0.010000000000000009,0.014142135623730963,0.014122295522768613,0.02305608351876286,0.0,0.028284271247461926,0.004464285714285712,0.09470180105176976,1,0.0024341046885775694,0.0025005647861733125,0.06315794287340215,0.13937440811188237,-0.2661924220522821,0.1445476053632111,-0.020000000000000004,0.02828427124746191,-0.06294714443404453,0.28617354628368047,-0.08000000000000002,0.056568542494923775,0.17946428571428572,0.01136421612621237,2,20,2,ZDT2,1,0.00015731682615545417,0.0011479279580918315,0.16421440851445102,0.009965369463126641,-0.7070152657629881,0.791124141502229,-0.02,0.0282842712474619,-0.21598069133737324,0.2789804991505748,0.0,0.0565685424949237,0.3112244897959184,0.2669688867745128,ZDT2_n20_m2
2000,1,6.607858984963161e-05,0.00013776343906332736,-9.576157694612952e-05,0.0005186174178731526,0.00030530981442300487,0.005597565751112492,0.0,0.0,0.0008102084921864927,0.00042834342160535526,0.010000000000000009,0.014142135623730963,-0.06,0.08485281374238571,1,-0.0013246548000977118,0.0015872149622970272,-0.0010152991722005567,0.0021062466732564757,0.0012576862118602872,0.010650081388154967,0.0,0.0,-0.0020880296294135126,0.0011391094307864782,0.030000000000000027,0.014142135623730963,0.019999999999999997,0.028284271247461894,1,0.0008698585158112768,0.004025409053046145,-0.07481852862590066,0.000545131958975161,0.3517200817984668,0.44958460630912084,0.05000000000000001,0.014142135623730954,-0.03917327633309908,0.39929858415867797,0.020000000000000018,0.08485281374238578,-0.11071428571428571,0.005050762722761065,0,0.0,0.0,0.0,0.0,0.0,0.0,0.0,0.0,0.0,0.0,0.0,0.0,0.0,0.0,1,-5.174465795865918e-05,0.0002443915714620486,-0.005885511063792981,0.009099684489658767,-0.02903370417331652,0.04756328786707252,-0.010000000000000002,0.014142135623730954,0.03904771968933818,0.052720115671317985,0.010000000000000009,0.014142135623730963,-0.11249999999999999,0.01767766952966369,1,-0.00020506728393331758,0.0012778882515802636,0.024323886284861596,0.01160041336930055,-0.08245884508906409,0.04446059753276953,-0.010000000000000002,0.014142135623730954,0.03886327266431466,0.06232447701670405,0.03999999999999998,7.850462293418876e-17,0.1375,0.017677669529663705,0,0.0,0.0,0.0,0.0,0.0,0.0,0.0,0.0,0.0,0.0,0.0,0.0,0.0,0.0,2,10,2,ZDT3,1,0.0019622157973476564,0.0008453404354397865,0.09559399856742279,0.00728870840726032,-0.13251322144283717,0.1680682090050092,0.07,0.014142135623730954,-0.08979275003822057,0.2818829312278166,0.06,0.08485281374238571,-0.025,0.03535533905932738,ZDT3_n10_m2
2000,1,0.0006586057983008209,0.0008459519962766596,-0.00342276299459221,0.0007340730140309725,-0.02840722363425091,0.04472846249033423,0.0,0.0,-0.017958818871259274,0.023982374486544396,-0.010000000000000009,0.014142135623730963,-0.021944444444444444,0.011392275919116597,1,-0.0005467430920278044,0.0005823730954649028,0.008371217819124865,0.0005070470673677725,-0.006043605847323497,0.0012918165758467877,0.0,0.0,0.0016003926244028133,0.0002736048972868415,0.0,0.0,0.008472222222222223,0.0021606040536255636,1,0.00028736134955720943,0.0009581839830723037,0.016039930849742756,0.07190481564518518,-0.044152219228766665,0.2557366729092181,-0.06,0.0,-0.03842530963377244,0.18590292128401692,-0.06,0.02828427124746185,0.045370370370370366,0.0772579631296413,0,0.0,0.0,0.0,0.0,0.0,0.0,0.0,0.0,0.0,0.0,0.0,0.0,0.0,0.0,1,-0.00010376130618661855,0.0001708184922687421,0.0018302977899613548,0.0020746670826933115,-0.0008632756293602273,0.0016810812682610048,0.0,0.0,-0.00011283363823327841,0.00038892530305051885,0.0,0.0,0.001527777777777778,0.011981531570105388,1,0.0001383217366446518,0.00027779112364334144,-0.009578666122381119,0.010631114490375649,0.004132473653953195,0.006718331473356539,0.0,0.0,-0.0005201564079368448,0.0004704988193215784,0.0,0.0,-0.001527777777777778,0.011981531570105388,1,-0.00035144484706860907,0.003610321830432836,-0.10604626868326839,0.13329107873964463,-0.050342654193686276,0.04351161037279889,-0.06,0.028284271247461888,-0.08134727548174286,0.08276542926788484,-0.06,0.02828427124746185,0.016666666666666663,0.09428090415820634,2,20,2,ZDT3,1,0.003064774100510502,0.0015773208018028386,-0.03161514902023477,0.1455505763483568,-0.293211425976815,0.32645514648547325,-0.04999999999999999,0.014142135623730963,-0.17171178152077565,0.03544455889234411,0.04999999999999999,0.07071067811865474,-0.005952380952380959,0.1094331923264895,ZDT3_n20_m2
10000,1,-4.4773682641760515e-05,0.0007160523187197137,0.010485504325790096,0.014144297512076978,-0.01198315558505858,0.004953037838177681,0.009999999999999995,0.014142135623730944,-0.030226021713177453,0.04030718765712246,-0.010000000000000009,0.014142135623730963,0.019444444444444445,0.06678230711206282,1,-0.0007814318984115665,0.0011846089931906137,-0.03169296554069523,0.03689012222564399,0.04991313613231885,0.0008139810052280623,0.0,0.0,-0.019106705800502832,0.04306314010746844,0.0,0.028284271247461926,0.02,0.0282842712474619,1,-0.000541053102255995,0.00038334908166216407,0.05075191232885401,0.07177404273183563,-0.09427740337153256,0.1333283824733403,0.010000000000000009,0.014142135623730963,-0.006657616507047492,0.009415291557345556,0.010000000000000009,0.014142135623730963,0.023809523809523808,0.03367175148507369,0,0.0,0.0,0.0,0.0,0.0,0.0,0.0,0.0,0.0,0.0,0.0,0.0,0.0,0.0,1,-0.0002958902695406815,0.0005096674587480044,-0.06726060308644533,0.08286750062688493,0.04083466833181537,0.054841197040360105,-0.019999999999999997,0.028284271247461894,-0.022944554663464845,0.0851226350449038,0.010000000000000009,0.014142135623730963,0.04083333333333333,0.001178511301977577,1,-0.0019325163020069772,0.0007054415500572125,0.01153819790428634,0.08191705543722966,-0.1080058299627693,0.20553537377319636,-0.019999999999999997,0.028284271247461894,-0.06766730079070571,0.034744305327549616,0.020000000000000018,0.028284271247461926,0.041666666666666664,0.05892556509887896,0,0.0,0.0,0.0,0.0,0.0,0.0,0.0,0.0,0.0,0.0,0.0,0.0,0.0,0.0,2,10,2,ZDT4,1,-0.0008674468116046385,0.005816913214449817,0.063699101356824,0.18582706488508158,-0.34035650150112284,0.21512334622982426,0.010000000000000009,0.014142135623730963,-0.17097980594976925,0.3195281666723582,0.18,0.056568542494923775,0.23523809523809525,0.06330289279193857,ZDT4_n10_m2
5000,1,-1.2461638709222733e-05,0.0004953256306383886,0.07062346506993755,0.06387061541873114,0.10041633276182038,0.22812145370461237,0.0,0.0,0.06772536860441902,0.06321971468474008,-0.009999999999999981,0.014142135623730925,-0.0546875,0.011048543456039806,1,0.0007418702083201376,0.00034561737697381745,-0.10487628655878822,0.21620863733101198,-0.05166085151455979,0.0999602776433508,6.938893903907228e-18,0.028284271247461894,-0.01855642122790313,0.20513326576071866,0.020000000000000018,0.028284271247461926,0.0,0.0,1,-0.004454878022615107,0.00880433252091625,1.1962636982294352,0.5004229815801984,-1.6010654021323236,1.0486629435248842,-0.030000000000000006,0.014142135623730954,-0.5800354108961026,0.8556519835290461,5.551115123125783e-17,0.08485281374238571,0.052083333333333336,0.0736569563735987,0,0.0,0.0,0.0,0.0,0.0,0.0,0.0,0.0,0.0,0.0,0.0,0.0,0.0,0.0,1,2.3384625242657553e-05,0.00013085638217004748,0.05524132229191725,0.052345462621962255,-0.007175636935333074,0.00010125765947825104,0.0,0.0,0.0021947876505183928,0.0018063704984848268,0.010000000000000009,0.014142135623730963,-0.0625,0.08838834764831845,1,-0.00022846247822384813,0.0022797546280416826,-0.14264859390861417,0.10329935845109847,0.2695006150495596,0.16368827111963571,0.030000000000000006,0.014142135623730954,-0.09674249857699246,0.1796523201742659,0.010000000000000009,0.014142135623730963,0.018749999999999996,0.04419417382415921,0,0.0,0.0,0.0,0.0,0.0,0.0,0.0,0.0,0.0,0.0,0.0,0.0,0.0,0.0,2,10,2,ZDT6,1,-0.0009276989052822079,0.003999550842959106,2.227289216576345,0.5350460209391122,-2.774201788017048,2.020137765746949,-0.07,0.042426406871192854,-0.8767004616275479,1.388394220911539,0.14,0.11313708498984755,0.35416666666666663,0.029462782549439494,ZDT6_n10_m2
10000,1,-0.00300999740516341,0.002761127283203601,-0.0020741090812171903,0.005761622083906324,-0.021925837898912115,0.01835661739448698,-0.010000000000000009,0.014142135623730963,0.008826684014137332,0.030400750172423805,-0.010000000000000009,0.014142135623730963,0.013888888888888888,0.019641855032959652,1,0.0008668213249293719,0.0004923268099361223,0.0011762872544509584,0.006350572750557682,0.13349272421281894,0.03267567460971174,0.020000000000000004,1.962615573354719e-17,-0.01900053404171298,0.047359315791888394,-5.551115123125783e-17,0.056568542494923775,-0.05357142857142857,0.025253813613805267,1,-0.0030659525640183427,0.004335911697627305,-0.0011410491208605489,0.0016136871420548851,0.01708142272969826,0.024156779688967334,-0.020000000000000004,0.02828427124746191,0.028554675936012686,0.040382409977877794,-0.030000000000000027,0.04242640687119289,0.0,0.0,1,-0.006102912437885619,0.00230718785199113,0.019368330351253626,0.01597977472010927,0.11504529121108975,0.03113137835711297,0.0,0.028284271247461926,0.16167075605316783,0.0793258920300728,-0.030000000000000027,0.04242640687119289,0.023809523809523808,0.06734350297014738,1,-0.0033261170564868256,0.0056796870126092245,-0.0032018391714617733,0.00529884305399195,0.07521275933622579,0.0325871834253412,0.039999999999999994,0.02828427124746191,0.007629379196164576,0.10290727470917906,-0.010000000000000009,0.014142135623730963,-0.054563492063492064,0.0014029896452114037,1,-0.00011873136309247662,0.002343662065624678,0.0008652562632701644,0.008093188542397465,-0.06972669114934144,0.03784667175220034,0.020000000000000004,0.02828427124746191,-0.022493467781340315,0.07090534467885425,-0.040000000000000036,0.028284271247461926,-0.021045918367346938,0.05862492446061937,1,0.0009514147612342955,0.0013789710110236328,-0.005386315413307141,0.03455986325800834,0.10162294218320059,0.25397946930475473,0.039999999999999994,0.08485281374238572,0.05843161375200817,0.07294937875965858,-0.13000000000000006,0.07071067811865474,-0.09848484848484848,0.13927860841553208,2,6,2,DTLZ1,1,0.0018325574560549701,2.8212026478915005e-05,0.013590653373421913,6.844033263937004e-05,-0.1033634608682164,0.0615660302933422,0.01999999999999999,0.028284271247461888,-0.09011333127741966,0.1420755655077926,0.02999999999999997,0.07071067811865474,0.07142857142857142,0.056119585808456156,DTLZ1_n6_m2
20000,1,-0.0010367007383656202,0.0005146175870416817,0.00029207220461380246,0.0009557123010468665,-0.08935236536592185,0.13219378717027772,-0.010000000000000037,0.042426406871192854,0.002690643811870952,0.0019145749000413932,0.010000000000000009,0.014142135623730963,0.0027472527472527475,0.00388520209443158,1,0.002672446064842883,0.0038840377643179005,0.0043433404770774064,0.0075736297241518116,-0.1449588255646139,0.14789536521009378,-0.05000000000000002,0.042426406871192854,-0.029135390619637103,0.00045766472649750743,0.0,0.028284271247461926,0.017195767195767195,0.026189140043946204,1,-0.0029395704402352604,0.00010902028801050723,0.007135859533384026,0.0025644793258987188,-0.11423419747505618,0.14767345929777478,-0.11000000000000004,0.18384776310850237,0.09990862061529868,0.05564131673473909,0.0,0.028284271247461926,0.022767857142857142,0.011995561466557503,1,-0.00027384319950932157,0.004970031693912557,0.004143132928052795,0.015466346956510014,0.2660796067080593,0.23628080433958346,-0.12000000000000002,0.2262741699796952,0.20412140571328288,0.04111441448793806,0.019999999999999962,0.056568542494923775,-0.0022321428571428596,0.0536643539293362,1,0.00217072503834001,0.0015206785141307563,0.0018961392211792605,0.005621510586887787,0.009092856682516803,0.012826835538360507,-0.08000000000000004,0.16970562748477144,0.042575441679542886,0.04885375253107049,0.019999999999999962,0.02828427124746185,0.002232142857142857,0.02209708691207961,1,-0.0012505434634689089,0.0010038739043617413,0.004644869481231884,0.009030640117057436,-0.12596333788694758,0.04426722898816495,-0.060000000000000026,0.05656854249492382,-0.020670390437788566,0.06447620258072193,0.0,0.0,0.010511227902532252,0.007094716868092451,1,-0.0045745385688542375,0.000545761716993021,-0.0014029978815262023,0.005584099324954579,0.04919947617683827,0.15371563923847667,-0.07000000000000003,0.0989949493661167,0.11446346879211691,0.053758913390553234,-0.060000000000000026,0.05656854249492382,-0.005952380952380952,0.013228188083421808,3,7,2,DTLZ1,1,-0.003336734962829553,0.0015220806352574713,0.01145316149421216,0.003110228796259125,0.08063093436410891,0.11524249809547872,-0.040000000000000036,0.11313708498984763,0.17747702396916162,0.01208109881492705,0.09999999999999998,0.05656854249492385,0.02130681818181818,0.011192031033390969,DTLZ1_n7_m3
2000,1,-0.0005129272924652081,0.0007788727261186487,9.314309237717922e-05,3.1278552627128785e-05,0.0007343598702929111,0.0013736697549789894,0.0,0.0,-0.0006671201124314741,0.001123522711478919,0.0,0.0,0.0,0.0,1,0.0003278089620252639,0.0008539365779744334,-0.00030549761131792863,1.7998931117878464e-05,-0.0016370960112370714,0.0030883941750232996,0.0,0.0,0.0014792956629535725,0.002452728579368703,-0.02999999999999997,0.04242640687119281,0.0,0.0,1,0.0001238509701031662,0.00017515172163296236,0.004737248653964965,0.006699481294770942,0.03256040372684271,0.04604736454684443,-0.020000000000000018,0.028284271247461926,-0.005186218354704397,0.007334420334651238,0.0,0.0,-0.00392156862745098,0.005545935538718019,1,0.0009343685927252765,0.002023520208254634,0.012750486478944945,0.007554822753281296,-0.08577718810724194,0.008987411420255026,-0.020000000000000004,0.08485281374238572,0.08096303061079635,0.020988901685161994,0.05000000000000002,0.042426406871192854,0.038037330316742085,0.03459543923791649,1,-0.00034480545242421973,0.00034077653674315984,-0.0007386855111222168,0.0010699165396511274,0.006230206015448825,0.009078641500381785,0.009999999999999981,0.014142135623730925,0.00881017795074407,0.012485390535973976,0.0,0.0,0.006178513071895425,0.013359349930505648,1,1.2132200028464046e-05,0.0008464923480455848,0.005308760429631576,0.004023183822776296,-0.022844119589029654,0.026281383135112357,-0.010000000000000023,0.04242640687119287,-0.0043580894223188005,0.007599553441350517,-0.010000000000000009,0.014142135623730963,-0.0010620915032679736,0.018139830824556856,1,0.0005834890208635118,0.0007859209885090031,-0.0037419992564200477,0.01915560347083592,-0.03138637954297602,0.02840536340294897,-1.3877787807814457e-17,0.02828427124746191,0.06366084200986544,0.07136420031960272,0.03,0.07071067811865478,0.003267973856209149,0.015020242084027972,2,6,2,DTLZ2,1,-0.003858779418452092,0.004883528415504126,0.057622079713092855,0.009238887731302181,-0.17402264012085006,0.061960741976621894,-0.020000000000000018,0.11313708498984763,0.03453199587239825,0.05723737058591863,0.13999999999999999,0.028284271247461964,0.08054812834224599,0.030723222444602665,DTLZ2_n6_m2
2000,1,0.003182213350081127,0.004638663453091868,-0.0015349975612304334,0.0013520047423174922,9.363626703913497e-05,0.0006131842865722285,-0.009999999999999953,0.014142135623730885,-0.003541799131747514,0.0043142369039833395,0.0,0.0,-0.0006818143078732505,0.002705873359407843,1,0.0005590373781702296,0.0008063157551537896,0.0031535071771886525,0.0024368961268500674,0.009166761312247668,0.02041176867550621,-0.009999999999999953,0.014142135623730885,-0.007723709437408077,0.002086473836314165,-0.010000000000000009,0.014142135623730963,0.0006818143078732505,0.002705873359407843,1,0.004321915905606238,0.0025905708373504892,-0.007330326585562208,0.0035665016789056493,0.07623800517251161,0.050905186348816536,0.11000000000000004,0.014142135623730885,-0.003557619973051429,0.0044063952968963664,-0.010000000000000009,0.04242640687119289,-0.0021171399594320487,0.00012550069645805864,1,0.003037690509651206,0.006630154951821695,0.019738433249127496,0.015105333168772262,-0.08129981550753562,0.035299278934592636,0.050000000000000044,0.07071067811865482,-0.002445295390758051,0.04173690129059442,-0.030000000000000027,0.04242640687119289,0.0036093544923040213,0.002235810726815835,1,0.0026932177512136307,0.000391842659405218,-0.004059475574333282,0.002173394188393592,0.013256477010216178,0.011192342928224814,-0.010000000000000009,0.04242640687119289,-0.0054726004884587676,0.003454286982464417,-0.020000000000000018,0.028284271247461926,0.0035623732251521293,0.00016135803830321795,1,0.002966358208861243,0.008256982211674329,0.0129649820701625,0.008807705367988597,-0.0032590215346831736,0.02382718872447,0.02999999999999997,0.04242640687119281,0.013298446814244302,0.017031855908034015,-0.010000000000000009,0.014142135623730963,-0.006750140362086925,0.0028197973018588697,1,0.006159966866357822,0.006505224274140648,0.010892188736383535,0.013595152107717433,-0.0019516774044365387,0.05313195093542401,0.08999999999999997,0.04242640687119289,0.008586090597356044,0.030915660608255683,0.0,0.028284271247461926,0.0005094488867308342,0.004900411088614939,3,7,2,DTLZ2,1,0.006796220115287813,0.009037619046033058,0.019031047374634458,0.04279021367835153,0.02461591236488407,0.05367479930995748,0.050000000000000044,0.09899494936611658,-0.004707789198680812,0.023331613571622372,0.04999999999999993,0.04242640687119289,0.006038104897131266,0.010618895663573696,DTLZ2_n7_m3
2000,1,-9.579826765816063e-05,8.359775488087515e-05,-0.0024973505477954294,0.0012546857187649334,0.0002293604293531759,0.0020455960812609153,0.0,0.0,-0.0011099124465517862,0.000746063858765431,0.0,0.0,-0.018518518518518517,0.026189140043946204,1,4.8127337786557645e-06,0.00013618281752880772,0.002491682605266221,0.0018950553405823636,0.00012542179518554297,0.003928330403097111,0.0,0.0,0.0035890382761911144,0.001250307389955357,0.0,0.0,0.024691358024691357,0.03491885339192827,1,-0.00010497086716899223,0.00014845122400445346,0.00749381868850818,0.010597860023253228,-0.041239515558223194,0.0583214822081355,0.0,0.0,0.021816801968705335,0.030853617231751125,0.0,0.0,-0.010204081632653059,0.01443075063646015,1,0.0021498693804259394,0.0013693207327279827,-0.008609619594725393,0.10094745667228222,-0.0730812580876054,0.00870843148621983,0.0,0.0,-0.07166822141375995,0.19285670143598363,0.04999999999999999,0.014142135623730885,0.04484756865709247,0.08088346653028283,1,-0.0001454414724070055,0.00016801902962889365,0.0003995963744385378,0.0008163933863111485,0.0010817440351359453,0.0003096581472888057,0.0,0.0,0.0010023960234905038,0.0003499708863337033,0.0,0.0,-0.0327538422776518,0.011402074576956174,1,-0.0006598190992051362,0.0011013033524374333,-0.002716549126849044,0.004326182140928219,-0.002657859729810419,0.0031122485433523997,0.0,0.0,-0.0038724683581910224,0.0012612978057909207,0.0,0.0,0.0327538422776518,0.011402074576956174,1,-0.0008238186276874199,0.0010106433144972578,-0.06166974206616305,0.0442851421692355,0.05515808743745548,0.15335814185563637,0.04000000000000001,0.08485281374238574,-0.014955666392603317,0.06188685209747912,-0.05000000000000002,0.042426406871192854,0.05555555555555555,0.12346308877860353,2,30,2,ZDT1,1,0.00013601562048154436,0.002534680381109269,0.10865027867363874,0.06979556237193225,-0.22498200645788985,0.01601976557213583,0.01999999999999999,0.028284271247461888,0.014085613235635897,0.15459444362087693,0.020000000000000018,0.028284271247461926,0.1490299823633157,0.03616595529878285,ZDT1_n30_m2
2000,1,-0.0005079682525675061,0.000632097976319403,-0.002813047165501681,0.0008930283369609425,0.01035070067131838,0.006017264955653242,0.0,0.0,0.0006562278018458628,0.004596572344053456,0.0,0.0,-0.14930555555555555,0.05401510134063905,1,0.0003117360872699898,0.0005470945118648314,0.0056848060090786134,0.0025981279274648623,0.0023178026113797046,0.019588738205984644,-0.010000000000000002,0.014142135623730954,0.007964167939909256,0.0037347283205709453,0.0,0.0,0.18055555555555555,0.09820927516479827,1,-0.0008728743464962371,0.001234430739062531,-0.03597161097596713,0.0508715401026216,0.1229021735673349,0.17380992070405712,0.020000000000000004,0.02828427124746191,-0.011217884751949792,0.01586448475734574,0.0,0.0,-0.2,0.28284271247461906,1,0.005117456092581074,0.0014576495882483644,0.2211779594520218,0.0035156417414569804,-0.20672287390101562,0.3142709020698372,-0.02,0.0282842712474619,0.14619206146673858,0.11334548794187393,-0.019999999999999962,0.02828427124746185,0.24305555555555555,0.1865976228131167,1,0.0012751532331356646,0.0018762394604490695,-0.0036053144227479184,0.00139055853282562,0.0044141681769038765,0.0006055026001258109,0.0,0.0,-0.00011732347139065125,0.0020806974644891883,0.010000000000000009,0.014142135623730963,-0.2048611111111111,0.024552318791199557,1,0.005521200414528318,0.005050357768838303,0.007526726525599159,0.0008123213205026897,-0.011521618983479476,0.008910167971114127,0.0,0.0,-0.001942193399562614,0.005347374231230644,-0.010000000000000009,0.014142135623730963,0.1423611111111111,0.112940666439518,1,0.0047727032248505025,0.001021164524341525,0.016410221805991387,0.0784384367467401,0.1186995082992337,0.393967129610579,0.019999999999999997,0.028284271247461894,0.04219808923449361,0.19764561947929274,-0.06,0.02828427124746185,0.034722222222222224,0.1080302026812781,2,30,2,ZDT2,1,0.0036360599763226656,0.004300125340961168,0.3770010482209829,0.08227377514997256,-0.46797209988051347,0.3187290769899665,0.020000000000000004,0.02828427124746191,0.09547671303232683,0.14047918186233954,0.09000000000000002,0.014142135623730885,0.3145833333333333,0.3506071123383298,ZDT2_n30_m2
2000,1,0.0002557946414128917,0.00024925793113892553,-0.002072137761868875,0.0035956791930350494,0.017147759928171413,0.02783606089906277,0.010000000000000009,0.014142135623730963,-0.01847200058997095,0.026320904833050898,0.0,0.0,-0.011904761904761904,0.016835875742536845,1,0.0003241087157010644,3.8885178333303173e-05,-0.0015127704297412947,0.0016415166015379338,0.015889857341546465,0.015454019928536811,0.0,0.0,-0.0015641367146453367,0.002011353727784293,0.010000000000000009,0.014142135623730963,0.013888888888888888,0.019641855032959652,1,-0.0022499199278237098,0.0056080139585765335,0.1351354504617468,0.20958997205165605,-0.06595215854992409,0.330627337761806,0.030000000000000013,0.07071067811865477,0.10212241002517153,0.1331545047365348,-0.05000000000000002,0.042426406871192854,-0.022023809523809522,0.1574154381927195,1,0.0006569792335240979,0.000780985122513533,0.08044824777992265,0.05707614489582507,0.026328469248155018,0.022731143672970595,0.04000000000000001,0.028284271247461888,0.1546723012818631,0.016086081547993427,0.02999999999999997,0.014142135623730885,-0.006222943722943722,0.02487118007420216,1,0.0002354702137708567,0.00019072545113658316,0.0001723622654326018,0.00017282106632454016,0.020356713196969967,0.02819752197579447,0.010000000000000009,0.014142135623730963,-0.02013906358293588,0.029062633986595827,0.0,0.0,-0.06324404761904762,0.04524641605806777,1,-0.00011940181642789566,0.00026112124970331804,-0.0001566827861931852,0.0016642288895688197,-0.005171302481722817,0.004554054886184569,0.0,0.0,-0.00227409008623336,0.0006992365381552773,0.0,0.0,0.07118055555555555,0.056470333219759,1,-0.00141334828629789,0.0022371333243892413,0.048703822925909135,0.16232755694609893,0.07681299870356051,0.05270650037089719,0.07000000000000002,0.07071067811865477,0.03443208363018585,0.14863707750659919,-0.050000000000000044,0.014142135623730963,-0.017857142857142856,0.025253813613805267,2,30,2,ZDT3,1,-0.00047005496577929434,0.0028914770313538253,0.16761384073538688,0.03205847366828594,-0.2259186524381609,0.22765993625439418,0.04000000000000001,0.08485281374238571,0.07063130254938599,0.07104603179017417,0.06999999999999995,0.04242640687119289,0.14366883116883117,0.07461354022260647,ZDT3_n30_m2
5000,1,0.0007148760488266057,0.0011962520189652273,-0.08187957886773489,0.010390297518389024,0.05361471293419373,0.05938583036512607,0.0,0.0,0.011954731200845836,0.03837201051829487,0.0,0.0,-0.035555555555555556,0.10685169137930049,1,-0.002256763861317644,0.003954084511383575,0.11392741283182772,0.12403909120043446,-0.1116514025264359,0.1955977397287004,-0.010000000000000002,0.014142135623730954,0.0029410183728539874,0.15044399327873073,0.02999999999999997,0.04242640687119281,0.05555555555555555,0.07856742013183861,1,0.00239808088659562,0.0007050174400143622,-0.9526077170011473,0.4698873590928603,0.27701350695661997,0.23025772437368047,0.04000000000000001,0.0,0.01790940585095957,0.20510025800724307,0.010000000000000009,0.014142135623730963,-0.09047619047619049,0.03367175148507368,0,0.0,0.0,0.0,0.0,0.0,0.0,0.0,0.0,0.0,0.0,0.0,0.0,0.0,0.0,1,5.213171829272778e-05,8.907274416383365e-05,0.012046781313335586,0.01839063618340616,-0.001192571328673786,0.004417143762438232,0.0,0.0,-0.001513065575297734,0.0008060911976589439,0.0,0.0,0.015555555555555559,0.1351359626267624,1,-0.0017313169512730292,0.0010516127621886587,-0.058355726470759706,0.0886628312359868,0.005544443108489006,0.02165293715527819,0.0,0.0,0.007552773885000419,0.0038940690420543357,-5.551115123125783e-17,0.02828427124746185,-0.015555555555555559,0.1351359626267624,1,0.00463729955019658,0.002493110092466752,-0.9870162671499365,1.2920235830660527,-0.0018271756023517938,1.616026627194714,0.009999999999999995,0.07071067811865477,-0.007970358376745867,0.29289692480369767,-0.050000000000000044,0.04242640687119289,0.022222222222222227,0.3456966485800899,2,20,2,ZDT6,1,0.0016506562959640939,0.00046356684481672184,2.4717200439991807,2.4821296803106616,-1.7052886675572039,1.0265886155409452,-3.469446951953614e-18,0.02828427124746189,0.3238767816923871,0.354461580544818,-5.551115123125783e-17,0.02828427124746185,0.44999999999999996,0.30641293851417056,ZDT6_n20_m2
10000,1,0.0005403076602834705,0.00037995435743987246,0.007756974523563276,0.018847251147428693,0.15294589627652422,0.21908696329394958,0.009999999999999995,0.014142135623730944,0.02834214091296139,0.035209595558697446,0.0,0.0,-0.002083333333333333,0.09133462590326237,1,0.00023588170233236616,0.0009294454000467871,-0.016659495319854667,0.058050368507774716,0.9310834551576701,0.5259936455891798,0.019999999999999997,9.813077866773595e-18,-0.01740259062366678,0.004148662469694083,-0.010000000000000009,0.014142135623730963,-0.016666666666666663,0.11785113019775792,1,-0.004111025361877296,0.006456912093226598,-0.004730483628509141,1.1135346854169819,0.1062674340448384,1.2590024239033553,0.009999999999999995,0.014142135623730944,0.031928413902700625,0.011863855318876947,-0.020000000000000018,0.0,0.008333333333333331,0.341768277573498,1,-0.0006832075206122182,0.0010840700888454754,1.1961678649535523,1.2078581706840965,0.041528943187884027,1.391428748191849,0.010000000000000002,0.04242640687119286,-0.10937821111290336,0.05089048624193501,0.010000000000000009,0.07071067811865465,0.2511904761904762,0.23401867282126215,1,0.00040173313199733107,0.0008984033733698438,0.023156614798585995,0.035910457427214174,-0.004250729435390177,0.003710684505639072,0.0,0.0,0.00045466429167129174,0.0023780056382382434,0.0,0.0,0.0625,0.08838834764831845,1,0.00033892727371528236,0.0009491902478524521,-0.11073918894455437,0.1721597394334946,0.019801621004852388,0.017248343233847968,0.0,0.0,-0.0014345304269436365,0.010842980708752689,-0.010000000000000009,0.014142135623730963,-0.0625,0.08838834764831845,1,-0.003552527468145078,0.0027679488497244034,0.5348335501254837,0.25955435928164433,0.06023538647568172,0.8680553770638958,-0.02,0.05656854249492382,0.1918712886976992,0.20347681306947754,-0.04999999999999999,0.07071067811865474,0.225,0.38890872965260115,2,30,2,ZDT6,1,-0.00017307033375184994,0.0036928307603663916,5.0589336483589795,6.051771004632657,-4.015735946866745,5.2461718610321215,0.009999999999999995,0.014142135623730944,-1.0181969279366836,1.4022998440475354,0.08000000000000002,0.056568542494923775,0.4145833333333333,0.2091857561010203,ZDT6_n30_m2
2000,1,-0.0008777750337274209,0.0003767730179258158,0.0015473170532045444,0.0001427297432277696,-0.0024873922743306465,0.0017598741359252403,0.0,0.0,-0.0006574066650326116,0.0005309302196610207,0.009999999999999953,0.014142135623730885,0.026782981328435873,0.01450142465243302,1,0.0004277577557200915,0.0007806998696392963,-0.0037064443458898477,0.00021209882353023627,0.005724312293029166,0.004413390214850429,0.0,0.0,0.0017342396890521194,0.0011081686810721883,0.019999999999999962,7.850462293418876e-17,-0.026782981328435873,0.01450142465243302,1,-0.0003424822605559638,0.0021402878778313175,-0.002655508165600118,0.0018946317246822698,0.06275415505397908,0.018194942619644144,0.06000000000000001,1.962615573354719e-17,0.08449475070380374,0.054602874810107414,-0.019999999999999962,0.02828427124746185,-0.041245791245791245,0.0059520772827150485,1,-0.0004341295763050715,0.003604091404708579,0.02871384540522315,0.05995308907736748,0.016303172104192853,0.11950789957627667,0.03,0.07071067811865474,0.07516182299300289,0.083124914386618,0.0,0.05656854249492385,0.028661616161616162,0.0576756288695088,1,-0.00015838033838889987,0.0001373009099993232,0.00022745534268797662,0.0024901781618776497,-0.0007175101338308676,0.004088083092433277,0.010000000000000009,0.014142135623730963,-0.01142845403907411,0.01476067147838273,0.0,0.0,-0.0027089072543618007,0.019544457404697044,1,0.0006896134284761005,0.0007610130711336012,-0.000790860199176846,0.004636918372991343,0.013876950940506116,0.05425372907496893,1.3877787807814457e-17,0.05656854249492379,0.006893142948776965,0.058948049909198906,-0.010000000000000009,0.014142135623730963,0.04667554667554667,0.04622998047717576,1,0.0015953420737448223,4.611215265036367e-05,0.009377760087827092,0.015620759185170422,0.023089216713860494,0.01501734358905399,0.020000000000000004,0.02828427124746191,0.11281772197640644,0.05005450696920397,0.020000000000000018,0.028284271247461926,0.0,0.0,2,9,2,DTLZ2,1,-0.0015804436162537988,4.839125178922041e-06,0.048676008729400255,0.05485854071397348,-0.055457163575057644,0.1486360856473792,0.03,0.042426406871192854,0.03309696602000972,0.028762920071677626,0.10999999999999999,0.014142135623730963,0.006121824303642484,0.04372071313121598,DTLZ2_n9_m2
2000,1,-0.0005787520940120569,0.0007388520047669852,8.599017930821518e-05,0.000993244437184365,-0.010835987957196397,0.014383898371964266,0.010000000000000009,0.014142135623730963,0.0024448831298788387,0.0038658485243254818,-0.010000000000000009,0.014142135623730963,0.005833333333333334,0.008249579113843055,1,-3.445902549630009e-05,0.0036018657177779865,-0.0004196691131246322,0.0021387227199053437,-0.022642209298607024,0.03817437801490013,-0.03,0.014142135623730925,-0.0015463730946321252,0.009314531007807575,0.009999999999999953,0.014142135623730885,-0.004931067431067431,0.009097026225338808,1,-0.00117535257953056,0.0002267006890756969,-0.004688053548704829,0.0006098387268690012,0.06488295411700129,0.02291560040593381,0.030000000000000027,0.014142135623730963,-0.015800452381908747,0.0006465399799816645,-0.010000000000000009,0.014142135623730963,-0.0033991683991684,9.310484298367609e-05,0,0.0,0.0,0.0,0.0,0.0,0.0,0.0,0.0,0.0,0.0,0.0,0.0,0.0,0.0,1,-0.002155507354062669,0.003249113189978443,-0.002864944151044435,0.0016425454862239019,-0.01925875790967685,0.014954685137937006,0.0,0.028284271247461926,0.010023046486088427,0.020574668281342908,-0.010000000000000009,0.014142135623730963,-0.002124624624624624,0.0040663948527694845,1,-0.0013270625868088623,0.0035189999968914514,0.004870108398878914,0.0007076181480416091,0.010110434214709946,0.004804503019955037,0.040000000000000036,0.0,3.073418481319701e-05,0.01577590450554457,0.019999999999999962,0.02828427124746185,0.0027503465003465,0.0029095263432398657,0,0.0,0.0,0.0,0.0,0.0,0.0,0.0,0.0,0.0,0.0,0.0,0.0,0.0,0.0,3,10,2,DTLZ2,1,-0.002541555181108296,0.0002578115820752874,-0.00373282633012173,0.01662773397881825,-0.02935333028652773,0.029502378503768828,0.010000000000000064,0.09899494936611666,-0.02031717017789786,0.05881829046730985,0.04999999999999999,0.15556349186104051,0.0039236978575213875,0.0034444622569438947,DTLZ2_n10_m3
2000,1,-0.0008043691745925133,0.0010936377835775444,-0.0008342179858331633,0.0006047248908389846,-0.019419625170759625,0.02232928769354917,-0.010000000000000009,0.014142135623730963,0.009092331929097364,0.009646978603765264,0.0,0.0,-0.02336300063572791,0.02135255696526447,1,0.001666419676745648,0.0017933615068934196,-0.0002498121251477414,0.003125754788558193,-0.0026803151594515517,0.016138569343161983,0.010000000000000009,0.014142135623730963,0.005148961666552987,0.015480208337173298,0.0,0.0,0.009626736899464174,0.001926546493106569,1,-5.543748989102204e-05,0.004841890236354113,0.006660234871704862,0.014180970785401415,-0.10594176818050655,0.09060339033193743,-0.01999999999999999,0.05656854249492382,-0.02628761149297043,0.05044354986686002,0.009999999999999953,0.04242640687119281,0.028221778221778224,0.024370813137798094,1,0.0005613649687898903,0.0005200077180402987,0.025740440737466175,0.05256161776881099,-0.10472334118874005,0.08902178931203336,1.3877787807814457e-17,0.02828427124746191,-0.059087480711754736,0.09732812029870976,0.02999999999999997,0.014142135623730885,-0.022727272727272728,0.03214121732666125,1,0.0008821164988679353,0.0012459021464983082,0.0020786196557529557,0.0028983698749737693,-0.002027099461716364,0.0032280930027625402,0.0,0.0,-0.0011645659113225793,0.0018367141756517385,-0.010000000000000009,0.014142135623730963,0.013570345738177907,0.02755949457702961,1,0.00029181571675415685,0.0004471474348596951,-0.006834164486740679,0.01016696556123379,0.013273119778436149,0.047449343511772255,-0.009999999999999995,0.014142135623730944,0.006758526920865482,0.0024356912284983078,0.02999999999999997,0.014142135623730885,-0.017966648735879505,0.00030429554865478014,1,0.0013201916540910158,0.00042278194412882254,0.012942116153158878,0.04146923466190661,-0.12118416521804054,0.005987257296005349,-0.09,0.042426406871192854,0.02957923041858007,0.060439600750920086,0.06,0.056568542494923775,0.03315434565434565,0.030816716612650487,2,12,2,DTLZ2,1,0.0002343455300955477,0.003357787320443224,0.01772792042110538,0.0009923955574229837,-0.17829078834159662,0.16932916341440013,-0.01999999999999999,0.05656854249492382,-0.0356528917388812,0.04532922133265904,0.08999999999999997,0.04242640687119289,0.03902347652347652,0.006975703760456699,DTLZ2_n12_m2
